Network,N_Nodes,Density,Rigidity,Hidden_Ratio,Target_Bucket,Target_Node,Target_Value,Exact_SDP,Exact_Time_sec,Exact_Peak_Memory_MB_Python,Exact_Peak_Memory_MB_RSS,MCMC_Mean_SDP,MCMC_Variance,MCMC_Avg_Time_sec,MCMC_Peak_Memory_MB_Python,MCMC_Peak_Memory_MB_RSS,Absolute_Error,PT_MCMC_Mean_SDP,PT_MCMC_Variance,PT_MCMC_Avg_Time_sec,PT_Peak_Memory_MB_Python,PT_Peak_Memory_MB_RSS,PT_Absolute_Error
bn_n100_w2_concentrated_bias_low.bif,100,2,concentrated_bias_low,0.25,0.6,X65,1,0.5671340278759713,0.06107950210571289,0.786381721496582,0.0,0.5649,0.0002682899999999989,0.9701574087142945,0.16903114318847656,0.0,0.0022340278759713783,0.5690000000000001,0.00021419999999999908,3.953187108039856,0.28206634521484375,0.0,0.0018659721240287253
bn_n100_w2_concentrated_bias_low.bif,100,2,concentrated_bias_low,0.25,0.8,X65,1,0.8046943751111497,0.04567599296569824,0.780308723449707,0.0,0.8045,0.00019904999999999923,0.9455737113952637,0.16647624969482422,0.0,0.00019437511114972494,0.8036999999999999,7.160999999999981e-05,3.85512170791626,0.28188514709472656,0.0,0.0009943751111498589
bn_n100_w2_concentrated_bias_low.bif,100,2,concentrated_bias_low,0.5,0.8,X65,1,0.7894542623339578,0.058335304260253906,9.423413276672363,8.1875,0.7874000000000001,0.0001100400000000002,1.0296349048614502,0.18034648895263672,0.0,0.0020542623339576682,0.7851,0.0001794900000000003,4.148511815071106,0.30132293701171875,0.0,0.004354262333957748
bn_n100_w2_rigid_extreme.bif,100,2,rigid_extreme,0.25,0.6,X76,1,0.6031260205571105,0.04180598258972168,0.7872743606567383,0.0,0.5988999999999999,0.0002686900000000005,0.9944536209106445,0.16959571838378906,0.0,0.004226020557110632,0.6112,0.0003773600000000007,4.117426133155822,0.29216766357421875,0.0,0.008073979442889456
bn_n100_w2_rigid_extreme.bif,100,2,rigid_extreme,0.25,0.8,X76,1,0.7853664512911338,0.04795122146606445,0.7448625564575195,0.0,0.7607999999999999,0.0010537600000000004,0.8314836263656616,0.16196727752685547,0.0,0.024566451291133884,0.7990999999999999,0.001242289999999999,3.524022603034973,0.263275146484375,0.0,0.013733548708866117
bn_n100_w2_rigid_extreme.bif,100,2,rigid_extreme,0.5,0.6,X76,1,0.5737534364784399,0.05017399787902832,0.6435747146606445,0.0,0.5882000000000001,0.00503596,0.966774845123291,0.17566967010498047,0.0,0.014446563521560152,0.594,0.0029437999999999986,3.914615106582642,0.29575347900390625,0.0,0.020246563521560068
bn_n100_w2_rigid_extreme.bif,100,2,rigid_extreme,0.5,0.8,X76,1,0.8313477598533229,0.05580925941467285,0.6854076385498047,0.0,0.8085000000000001,0.0011966499999999992,0.9996890544891357,0.17693710327148438,0.0,0.02284775985332277,0.8222999999999999,0.0013822099999999987,4.066216945648193,0.3188352584838867,0.0,0.009047759853322956
bn_n100_w2_rigid_moderate.bif,100,2,rigid_moderate,0.25,0.6,X44,1,0.5829821313699295,0.049843549728393555,0.7863368988037109,0.0,0.5892999999999999,0.00014381000000000026,1.042976713180542,0.17367172241210938,0.0,0.0063178686300704445,0.593,0.00033299999999999985,4.342309832572937,0.2976846694946289,0.0,0.010017868630070481
bn_n100_w2_rigid_moderate.bif,100,2,rigid_moderate,0.25,0.8,X44,1,0.754116189394106,0.05220365524291992,0.8009853363037109,0.0,0.7556999999999999,0.0002728100000000005,0.9574438571929932,0.16681289672851562,0.0,0.001583810605893965,0.7550999999999999,0.00031249000000000055,3.834439015388489,0.2758798599243164,0.0,0.00098381060589392
bn_n100_w2_rigid_moderate.bif,100,2,rigid_moderate,0.5,0.6,X44,1,0.6123919194524026,0.027409791946411133,0.6031627655029297,0.0,0.6100999999999999,0.0001682900000000003,0.9378001451492309,0.17741775512695312,0.0,0.002291919452402702,0.6192,0.00019156000000000037,3.842329573631287,0.28678226470947266,0.0,0.006808080547597406
bn_n100_w2_rigid_moderate.bif,100,2,rigid_moderate,0.5,0.8,X44,1,0.7925771237315182,0.050644636154174805,0.6100292205810547,0.0,0.7971,0.00015848999999999963,0.9606188297271728,0.17530441284179688,0.0,0.004522876268481801,0.7889000000000002,0.00024029000000000043,3.9117249727249144,0.2929391860961914,0.0,0.0036771237315180727
bn_n100_w2_spread_bias_high.bif,100,2,spread_bias_high,0.25,0.6,X2,1,0.602906931962047,0.05199837684631348,0.7914485931396484,0.0,0.5957000000000001,0.0002822099999999997,0.9389562606811523,0.16613388061523438,0.0,0.007206931962046914,0.6085,0.0001168500000000002,3.7400344133377077,0.29856395721435547,0.0,0.0055930680379530084
bn_n100_w2_spread_bias_high.bif,100,2,spread_bias_high,0.25,0.8,X2,1,0.843810951041802,0.049509286880493164,0.7747554779052734,0.0,0.845,0.00020680000000000034,0.9230297565460205,0.16644668579101562,0.0,0.0011890489581979358,0.8401,0.00012929000000000025,3.7055073976516724,0.2751617431640625,0.0,0.0037109510418020797
bn_n100_w2_spread_bias_high.bif,100,2,spread_bias_high,0.5,0.6,X2,1,0.6437270664133089,0.028011083602905273,0.9872646331787109,0.0,0.6528,0.0002991600000000005,0.9552137613296509,0.17770767211914062,0.0,0.009072933586691145,0.6333,0.0001770100000000003,3.879421281814575,0.29102420806884766,0.0,0.010427066413308927
bn_n100_w2_spread_bias_high.bif,100,2,spread_bias_high,0.5,0.8,X2,1,0.7628133588697931,0.0484619140625,0.6016063690185547,0.0,0.7558,0.0003367600000000006,0.9921746253967285,0.17921066284179688,0.0,0.0070133588697930405,0.7627,0.00023481000000000044,3.9966042041778564,0.32073116302490234,0.0,0.00011335886979302323
bn_n100_w2_spread_bias_low.bif,100,2,spread_bias_low,0.25,0.6,X11,1,0.6352304398577817,0.05405902862548828,0.8040752410888672,0.0,0.6377,0.0002082100000000004,0.9533501625061035,0.16683578491210938,0.0,0.00246956014221833,0.6253,0.00013581000000000026,3.926196265220642,0.2848978042602539,0.0,0.009930439857781748
bn_n100_w2_spread_bias_low.bif,100,2,spread_bias_low,0.25,0.8,X11,1,0.7528556094759528,0.05057120323181152,0.7828960418701172,0.0,0.7515000000000001,0.0001098500000000002,0.9613895654678345,0.16952896118164062,0.0,0.0013556094759527015,0.7483000000000001,7.361000000000013e-05,3.984310436248779,0.28344058990478516,0.0,0.004555609475952682
bn_n100_w2_spread_bias_low.bif,100,2,spread_bias_low,0.5,0.6,X11,1,0.6352183473370234,0.04823923110961914,1.558828353881836,0.0,0.6482,0.00034496000000000065,0.947648286819458,0.17697525024414062,0.0,0.012981652662976573,0.6343000000000001,0.00034721000000000063,3.9022244691848753,0.2982521057128906,0.0,0.0009183473370233397
bn_n100_w2_spread_bias_low.bif,100,2,spread_bias_low,0.5,0.8,X11,1,0.7987358579442955,0.3514893054962158,288.4193630218506,833.5,0.8009000000000001,5.56900000000001e-05,0.9412078619003296,0.17815780639648438,0.0,0.0021641420557045876,0.799,0.0001144000000000002,3.8876950979232787,0.2937164306640625,0.0,0.00026414205570457483
bn_n100_w2_uncertain_moderate.bif,100,2,uncertain_moderate,0.25,0.6,X3,1,0.5862900713664415,0.05223345756530762,0.7886943817138672,0.0,0.5918999999999999,0.00045528999999999996,0.8948478698730469,0.16362380981445312,0.0,0.005609928633558359,0.5847,0.00032081000000000004,3.5933562994003294,0.2626810073852539,0.0,0.0015900713664415145
bn_n100_w2_uncertain_moderate.bif,100,2,uncertain_moderate,0.25,0.8,X3,1,0.8081905721309124,0.05048799514770508,0.8020992279052734,0.0,0.8093999999999999,8.503999999999925e-05,0.9417454481124878,0.16759872436523438,0.0,0.0012094278690875093,0.8103,0.00013320999999999922,3.881751847267151,0.2805643081665039,0.0,0.0021094278690876322
bn_n100_w2_uncertain_moderate.bif,100,2,uncertain_moderate,0.5,0.6,X3,1,0.6237619508217014,0.04797029495239258,0.5613613128662109,0.0,0.6231,0.00021249000000000037,0.9401208162307739,0.17611312866210938,0.0,0.0006619508217013959,0.6355999999999999,0.00019004000000000032,3.8779452323913572,0.32276153564453125,0.0,0.01183804917829856
bn_n100_w2_uncertain_moderate.bif,100,2,uncertain_moderate,0.5,0.8,X3,1,0.84991807002338,0.0515446662902832,0.5929012298583984,0.0,0.8492,6.536000000000012e-05,0.9386719703674317,0.17773056030273438,0.0,0.0007180700233800907,0.8518000000000001,0.00015516000000000027,3.854954648017883,0.29326629638671875,0.0,0.001881929976620067
bn_n100_w2_uncertain_strong.bif,100,2,uncertain_strong,0.25,0.6,X42,1,0.5676809584979141,0.06066727638244629,0.7761058807373047,0.0,0.5683999999999999,0.0002748399999999993,1.058959174156189,0.17547988891601562,0.0,0.0007190415020857932,0.5702999999999999,0.0002070099999999994,4.361834716796875,0.32331371307373047,0.0,0.002619041502085806
bn_n100_w2_uncertain_strong.bif,100,2,uncertain_strong,0.25,0.8,X42,1,0.7717116459918261,0.052375078201293945,0.7807826995849609,0.0,0.7765000000000002,0.00014725000000000027,1.0628814458847047,0.17318344116210938,0.0,0.004788354008174123,0.7704,9.504000000000017e-05,4.364612698554993,0.2955942153930664,0.0,0.0013116459918260936
bn_n100_w2_uncertain_strong.bif,100,2,uncertain_strong,0.5,0.6,X42,1,0.5743087771654354,0.04628562927246094,0.5959758758544922,0.0,0.5725999999999999,8.743999999999981e-05,0.9808446168899536,0.17706680297851562,0.0,0.0017087771654354933,0.5818,0.00015275999999999983,3.996699905395508,0.30423736572265625,0.0,0.007491222834564604
bn_n100_w2_uncertain_strong.bif,100,2,uncertain_strong,0.5,0.8,X42,1,0.7981878700286253,0.049126386642456055,0.5532588958740234,0.0,0.8,9.639999999999982e-05,1.0009305953979493,0.17774581909179688,0.0,0.0018121299713746986,0.7925,0.00012445000000000023,4.086379194259644,0.29500675201416016,0.0,0.005687870028625364
bn_n100_w2_uniform.bif,100,2,uniform,0.25,0.6,X18,1,0.5948452746444701,0.05070328712463379,0.7761058807373047,0.0,0.5905999999999999,0.0001534400000000003,0.9190156698226929,0.16513442993164062,0.0,0.0042452746444702205,0.5979000000000001,0.00017589000000000032,3.7779098987579345,0.27227115631103516,0.0,0.0030547253555299747
bn_n100_w2_uniform.bif,100,2,uniform,0.25,0.8,X18,1,0.8477410027386254,0.05500984191894531,0.7597026824951172,0.0,0.8482999999999998,5.3810000000000096e-05,0.9475812673568725,0.16718673706054688,0.0,0.0005589972613744276,0.8462000000000002,8.416000000000014e-05,3.875413107872009,0.30395030975341797,0.0,0.00154100273862523
bn_n100_w2_uniform.bif,100,2,uniform,0.5,0.6,X18,1,0.5841036679514302,0.06317305564880371,1.555074691772461,0.0,0.5824,0.000712639999999999,0.9976226806640625,0.17713546752929688,0.0,0.0017036679514301767,0.5860000000000001,0.00034720000000000004,4.106232070922852,0.3004465103149414,0.0,0.001896332048569871
bn_n100_w2_uniform.bif,100,2,uniform,0.5,0.8,X18,1,0.7527052439648629,0.0421290397644043,0.5636577606201172,0.0,0.7449999999999999,0.00016440000000000034,0.9603043794631958,0.17560958862304688,0.0,0.007705243964863051,0.752,8.560000000000016e-05,3.917629098892212,0.2919168472290039,0.0,0.0007052439648629338
bn_n100_w6_concentrated_bias_high.bif,100,6,concentrated_bias_high,0.25,0.6,X62,1,0.6377280650863868,0.060143232345581055,1.0116024017333984,0.0,0.6292,0.000561360000000001,1.3230546474456788,0.19673538208007812,0.0,0.008528065086386816,0.6317999999999999,0.00010116000000000016,5.560172128677368,0.3514871597290039,0.0,0.00592806508638688
bn_n100_w6_rigid_moderate.bif,100,6,rigid_moderate,0.25,0.6,X23,1,0.5814709330914407,0.07059121131896973,0.9981594085693359,0.0,0.5906999999999999,0.0002982099999999998,1.2405797004699708,0.18998336791992188,0.0,0.00922906690855918,0.5728,0.0002803599999999996,5.24378399848938,0.33620548248291016,0.0,0.008670933091440736
bn_n100_w6_rigid_moderate.bif,100,6,rigid_moderate,0.25,0.8,X23,1,0.7892125019356876,0.0631873607635498,0.9243679046630859,0.0,0.7894,0.0001136400000000002,1.2770575523376464,0.19456100463867188,0.0,0.0001874980643123969,0.7864,0.0002126400000000004,5.388627624511718,0.34742069244384766,0.0,0.0028125019356876058
bn_n100_w6_rigid_moderate.bif,100,6,rigid_moderate,0.5,0.6,X23,1,0.6179894487394962,0.0777740478515625,30.517629623413086,65.9375,0.6169,0.00046069000000000085,1.2476064920425416,0.20256423950195312,0.0,0.0010894487394962349,0.6239000000000001,0.0005366900000000009,5.259097146987915,0.3545236587524414,0.0,0.005910551260503882
bn_n100_w6_rigid_moderate.bif,100,6,rigid_moderate,0.5,0.8,X23,1,0.7793440595536507,0.3332059383392334,288.48669242858887,833.6875,0.7755000000000001,0.0001722500000000003,1.2660571575164794,0.20009994506835938,0.0,0.003844059553650636,0.7754,0.00019084000000000033,5.38021674156189,0.35582828521728516,0.0,0.003944059553650736
bn_n100_w6_spread_bias_high.bif,100,6,spread_bias_high,0.25,0.6,X43,1,0.5935151746366822,0.05325651168823242,1.0638484954833984,0.0,0.5934,0.00013044000000000025,1.1638961791992188,0.18706893920898438,0.0,0.00011517463668220262,0.5882,0.00021495999999999972,4.894174957275391,0.3293914794921875,0.0,0.005315174636682296
bn_n100_w6_spread_bias_high.bif,100,6,spread_bias_high,0.25,0.8,X43,1,0.794619966459845,0.05373120307922363,0.9602642059326172,0.0,0.7935000000000001,9.604999999999975e-05,1.2071012496948241,0.19017410278320312,0.0,0.0011199664598449122,0.7927000000000001,8.361000000000014e-05,5.0728185176849365,0.3404703140258789,0.0,0.001919966459844935
bn_n100_w6_spread_bias_high.bif,100,6,spread_bias_high,0.5,0.6,X43,1,0.6048672024977467,0.0435333251953125,6.490758895874023,0.0,0.6087,0.0001310100000000002,1.2505632400512696,0.19765853881835938,0.0,0.0038327975022532934,0.6064999999999999,0.00022005000000000042,5.250067043304443,0.35166168212890625,0.0,0.0016327975022532026
bn_n100_w6_spread_bias_high.bif,100,6,spread_bias_high,0.5,0.8,X43,1,0.8237186970654039,0.11755895614624023,36.49279594421387,45.3125,0.8216000000000001,0.0002528399999999993,1.2451082229614259,0.20560836791992188,0.0,0.002118697065403796,0.8160999999999999,0.0002806899999999991,5.273776698112488,0.34972476959228516,0.0,0.007618697065403968
bn_n100_w6_spread_bias_low.bif,100,6,spread_bias_low,0.25,0.6,X89,1,0.6438456245893668,0.05424094200134277,0.9839992523193359,0.0,0.6439999999999999,0.0002466000000000004,1.2973166465759278,0.19347000122070312,0.0,0.000154375410633123,0.6435000000000001,0.0002572500000000005,5.500522446632385,0.34949588775634766,0.0,0.0003456245893667109
bn_n100_w6_spread_bias_low.bif,100,6,spread_bias_low,0.25,0.8,X89,1,0.8467612725421709,0.04004406929016113,0.9255275726318359,0.0,0.8469999999999999,0.00011480000000000023,1.1496726989746093,0.18277359008789062,0.0,0.00023872745782893556,0.8502000000000001,5.4160000000000105e-05,4.834770250320434,0.34727001190185547,0.0,0.0034387274578291382
bn_n100_w6_rigid_extreme.bif,100,6,rigid_extreme,0.25,0.6,X77,1,0.634691818372106,0.0614628791809082,1.006856918334961,0.0,0.6516,0.024403039999999994,1.2312824487686158,0.18833541870117188,0.0,0.01690818162789398,0.6357,0.0007774100000000013,5.2120991230010985,0.3383493423461914,0.0,0.001008181627894067
bn_n100_w6_rigid_extreme.bif,100,6,rigid_extreme,0.25,0.8,X77,1,0.772978864871598,0.06570577621459961,0.9401302337646484,0.0,0.7783,0.0003402100000000006,1.3378015756607056,0.18939590454101562,0.0,0.005321135128402044,0.7753,0.00012081000000000023,5.718316292762756,0.36179447174072266,0.0,0.002321135128402041
bn_n100_w6_rigid_extreme.bif,100,6,rigid_extreme,0.5,0.6,X77,1,0.5739662492926149,6.030710458755493,9216.47680091858,26699.125,0.5746999999999999,0.00035960999999999903,1.2755237102508545,0.19539260864257812,0.0,0.0007337507073850169,0.5802999999999999,0.00023520999999999972,4.897624278068543,0.3542900085449219,0.0,0.006333750707385066
bn_n100_w6_rigid_extreme.bif,100,6,rigid_extreme,0.5,0.8,X77,1,0.7657699257260021,22.133986234664917,4608.461847305298,1059.8125,0.7694,0.00046344000000000083,1.2268166303634644,0.19937515258789062,0.0,0.003630074273997863,0.7718,0.0002729600000000005,5.052102398872376,0.3436737060546875,0.0,0.006030074273997932
bn_n100_w6_uncertain_moderate.bif,100,6,uncertain_moderate,0.25,0.6,X54,1,0.5760203014154521,0.05659651756286621,1.0507259368896484,0.0,0.5652,0.00021375999999999904,1.3069509744644165,0.18902206420898438,0.0,0.010820301415452094,0.5772999999999999,0.00014320999999999984,5.292388296127319,0.34919261932373047,0.0,0.0012796985845477948
bn_n100_w6_uncertain_moderate.bif,100,6,uncertain_moderate,0.25,0.8,X54,1,0.7648711208312167,0.0571441650390625,1.020193099975586,0.0,0.7592000000000001,0.00024536000000000046,1.258160662651062,0.19147109985351562,0.0,0.0056711208312165695,0.7589,9.529000000000018e-05,5.0657124519348145,0.3371438980102539,0.0,0.0059711208312166475
bn_n100_w6_uncertain_moderate.bif,100,6,uncertain_moderate,0.5,0.6,X54,1,0.5789894933341849,3.5689167976379395,4.218420028686523,0.0,0.5864999999999999,0.00016584999999999975,1.2169503450393677,0.19642257690429688,0.0,0.007510506665814987,0.5746,0.00030583999999999906,4.969886469841003,0.36672496795654297,0.0,0.004389493334184924
bn_n100_w6_uncertain_moderate.bif,100,6,uncertain_moderate,0.5,0.8,X54,1,0.8151944993102351,12.146755695343018,144.47419548034668,369.3125,0.8178000000000001,0.0002531599999999988,1.270796275138855,0.19917678833007812,0.0,0.00260550068976495,0.8150999999999999,0.0001028899999999993,5.191572737693787,0.34459781646728516,0.0,9.449931023519653e-05
bn_n100_w6_uncertain_strong.bif,100,6,uncertain_strong,0.25,0.6,X78,1,0.5556706350193144,0.054520368576049805,0.9366245269775391,0.0,0.5539999999999999,0.0006177999999999992,1.1072893381118774,0.17892837524414062,0.0,0.0016706350193144148,0.5636,0.000332239999999999,4.646943807601929,0.3188323974609375,0.0,0.007929364980685638
bn_n100_w6_uncertain_strong.bif,100,6,uncertain_strong,0.25,0.8,X78,1,0.7684871279880834,0.057756662368774414,0.9291782379150391,0.0,0.7666,0.0001684400000000003,1.1636873245239259,0.18497848510742188,0.0,0.0018871279880834368,0.774,0.0002882000000000005,4.829067039489746,0.3260955810546875,0.0,0.005512872011916636
bn_n100_w6_uncertain_strong.bif,100,6,uncertain_strong,0.5,0.6,X78,1,0.5907365620717971,1.1007745265960693,288.48218727111816,181.4375,0.5950000000000001,0.0003675999999999998,1.2298853158950807,0.19657516479492188,0.0,0.00426343792820294,0.5922,0.0002597600000000004,5.177106261253357,0.35254669189453125,0.0,0.0014634379282028043
bn_n100_w6_uncertain_strong.bif,100,6,uncertain_strong,0.5,0.8,X78,1,0.7505591756298687,1.1195309162139893,2304.469774246216,1592.1875,0.7546,0.00014024000000000027,1.3013944149017334,0.20390701293945312,0.0,0.004040824370131313,0.7487,0.0003522100000000006,5.462598252296448,0.3613710403442383,0.0,0.0018591756298687034
bn_n100_w6_uniform.bif,100,6,uniform,0.25,0.6,X97,1,0.602943391202938,0.05297493934631348,1.0291118621826172,0.0,0.5929,0.00038829000000000066,1.197731375694275,0.18980026245117188,0.0,0.010043391202938068,0.6007,0.0006758100000000001,4.974220609664917,0.33806705474853516,0.0,0.0022433912029380387
bn_n100_w6_uniform.bif,100,6,uniform,0.25,0.8,X97,1,0.7720564114074082,0.05738425254821777,0.8906688690185547,0.0,0.7683,0.0002694100000000004,1.1088388442993165,0.18262100219726562,0.0,0.0037564114074082333,0.776,0.00023600000000000045,4.580171847343445,0.31850433349609375,0.0,0.003943588592591807
bn_n100_w6_uniform.bif,100,6,uniform,0.5,0.6,X97,1,0.5543111391519139,0.08071374893188477,72.48000907897949,148.4375,0.5593,0.00021120999999999908,1.1666975975036622,0.19331741333007812,0.0,0.004988860848086141,0.5542,0.000256759999999999,4.893063592910766,0.34293651580810547,0.0,0.00011113915191385271
bn_n100_w6_uniform.bif,100,6,uniform,0.5,0.8,X97,1,0.753151723246523,0.08512616157531738,72.45387172698975,152.5625,0.7534,0.00029924000000000053,1.2271127223968505,0.19247913360595703,0.0,0.0002482767534769392,0.7512000000000001,0.00014856000000000024,5.151564598083496,0.3440570831298828,0.0,0.0019517232465229295
bn_n200_w2_concentrated_bias_high.bif,200,2,concentrated_bias_high,0.25,0.6,X105,1,0.6486494118996264,0.0992896556854248,1.4534320831298828,0.0,0.6575,0.0002800500000000005,0.9662420272827148,0.2980155944824219,0.0,0.008850588100373535,0.6525000000000001,0.00022965000000000043,3.9855312585830687,0.41058826446533203,0.0,0.003850588100373642
bn_n200_w2_concentrated_bias_high.bif,200,2,concentrated_bias_high,0.25,0.8,X105,1,0.8160116990041416,0.1013491153717041,1.4530277252197266,0.0,0.8153,8.560999999999928e-05,0.943878960609436,0.2979164123535156,0.0,0.000711699004141586,0.8117000000000001,0.00019860999999999918,3.824139213562012,0.3992891311645508,0.0,0.004311699004141523
bn_n200_w2_concentrated_bias_high.bif,200,2,concentrated_bias_high,0.5,0.6,X105,1,0.5705570350280229,0.0948340892791748,9.757383346557617,0.0,0.5740999999999998,0.00020108999999999926,0.9640751838684082,0.3181800842285156,0.0,0.003542964971976925,0.5652,0.0002125599999999991,3.8971308946609495,0.4274301528930664,0.0,0.005357035028022872
bn_n200_w2_concentrated_bias_high.bif,200,2,concentrated_bias_high,0.5,0.8,X105,1,0.7993820241665374,0.10830926895141602,9.779905319213867,0.0,0.7843,0.00036161000000000065,0.93725745677948,0.3157539367675781,0.0,0.015082024166537367,0.7956000000000001,0.00015363999999999986,3.7780727624893187,0.4255228042602539,0.0,0.003782024166537279
bn_n200_w2_rigid_moderate.bif,200,2,rigid_moderate,0.25,0.6,X113,1,0.6186170578465646,0.11564993858337402,1.5149364471435547,0.0,0.6456000000000001,0.008507840000000001,0.9312443494796753,0.2970466613769531,0.0,0.02698294215343544,0.6226,0.008033240000000002,3.742920470237732,0.39457035064697266,0.0,0.00398294215343542
bn_n200_w2_rigid_moderate.bif,200,2,rigid_moderate,0.25,0.8,X113,1,0.845832560219141,0.1026153564453125,1.5067272186279297,0.0,0.8497,0.00012181000000000022,0.9670186042785645,0.2981147766113281,0.0,0.0038674397808590166,0.8484999999999999,0.00016385000000000032,3.9205925464630127,0.44586944580078125,0.0,0.0026674397808589267
bn_n200_w2_rigid_moderate.bif,200,2,rigid_moderate,0.5,0.6,X113,1,0.5535546812615934,0.08984804153442383,1.1923274993896484,0.0,0.5493,0.001057009999999999,0.98412926197052,0.3181419372558594,0.0,0.0042546812615933405,0.5619999999999999,0.00040819999999999886,3.966978120803833,0.4342966079711914,0.0,0.008445318738406593
bn_n200_w2_rigid_moderate.bif,200,2,rigid_moderate,0.5,0.8,X113,1,0.7865719228350819,0.11126923561096191,1.3806743621826172,0.0,0.7826000000000001,0.0009990400000000005,0.9592329978942871,0.3176536560058594,0.0,0.003971922835081854,0.7865,0.00023885000000000044,3.8561654567718504,0.42810916900634766,0.0,7.192283508195008e-05
bn_n200_w2_rigid_extreme.bif,200,2,rigid_extreme,0.25,0.6,X113,1,0.6359948785134416,0.09945178031921387,1.491835594177246,0.0,0.6716,0.04203064000000001,0.9564668416976929,0.2992830276489258,0.0,0.035605121486558367,0.5993999999999999,0.007081840000000001,3.957559084892273,0.4085845947265625,0.0,0.036594878513441675
bn_n200_w2_rigid_extreme.bif,200,2,rigid_extreme,0.25,0.8,X113,1,0.8233563458128088,0.10693120956420898,1.494612693786621,0.0,0.8864999999999998,0.02088925,0.9080690383911133,0.2975435256958008,0.0,0.06314365418719103,0.8096,0.008872039999999996,3.795091962814331,0.3997821807861328,0.0,0.013756345812808823
bn_n200_w2_spread_bias_low.bif,200,2,spread_bias_low,0.25,0.6,X71,1,0.6449418535909953,0.09685134887695312,1.482008934020996,0.0,0.637,0.0002744000000000005,0.98859121799469,0.2976198196411133,0.0,0.007941853590995307,0.6539000000000001,0.0005464900000000009,3.8297993898391725,0.4082508087158203,0.0,0.00895814640900483
bn_n200_w2_spread_bias_low.bif,200,2,spread_bias_low,0.25,0.8,X71,1,0.7953515138868331,0.10423159599304199,1.5355424880981445,0.0,0.806,0.0002495999999999994,0.986585283279419,0.318756103515625,0.0,0.010648486113166933,0.7793,0.00051701,3.8644169092178347,0.40372657775878906,0.0,0.016051513886833124
bn_n200_w2_spread_bias_low.bif,200,2,spread_bias_low,0.5,0.6,X71,1,0.6071826037810821,0.06828856468200684,1.123732566833496,0.0,0.6036999999999999,4.4010000000000075e-05,0.995643162727356,0.3152589797973633,0.0,0.0034826037810822275,0.6093,0.0003668100000000007,3.8579628705978393,0.43119239807128906,0.0,0.002117396218917822
bn_n200_w2_spread_bias_low.bif,200,2,spread_bias_low,0.5,0.8,X71,1,0.8229205391746575,0.09944629669189453,1.3336477279663086,0.0,0.8404,0.0012482399999999999,1.0085193395614624,0.3174257278442383,0.0,0.017479460825342574,0.8148000000000002,0.001586959999999999,3.9206418991088867,0.4591073989868164,0.0,0.00812053917465727
bn_n200_w2_spread_bias_high.bif,200,2,spread_bias_high,0.25,0.6,X17,1,0.5860474870629262,0.09844493865966797,1.4853630065917969,0.0,0.5851,0.00017469000000000032,0.9425461053848266,0.2951164245605469,0.0,0.0009474870629262444,0.5815,0.0002634499999999999,3.7574275493621827,0.3956918716430664,0.0,0.004547487062926181
bn_n200_w2_spread_bias_high.bif,200,2,spread_bias_high,0.25,0.8,X17,1,0.7895521758846037,0.09975981712341309,1.477614402770996,0.0,0.7902,0.00013616000000000021,0.98247389793396,0.29904651641845703,0.0,0.0006478241153963227,0.7795000000000001,9.025000000000016e-05,3.9253129720687867,0.40061378479003906,0.0,0.010052175884603609
bn_n200_w2_spread_bias_high.bif,200,2,spread_bias_high,0.5,0.6,X17,1,0.6425906466751683,0.0895390510559082,1.0830755233764648,0.0,0.6349,0.00044249000000000084,0.9516625881195069,0.3156709671020508,0.0,0.007690646675168278,0.6374000000000001,0.00029084000000000043,3.765841317176819,0.43070411682128906,0.0,0.00519064667516822
bn_n200_w2_spread_bias_high.bif,200,2,spread_bias_high,0.5,0.8,X17,1,0.8442890013188817,0.08979940414428711,9.86429500579834,8.1875,0.8474999999999999,9.285000000000017e-05,0.9596117973327637,0.3170900344848633,0.0,0.0032109986811181823,0.8459999999999999,0.0001170000000000002,3.8269551277160643,0.42466163635253906,0.0,0.0017109986811181255
bn_n200_w2_uncertain_moderate.bif,200,2,uncertain_moderate,0.25,0.6,X147,1,0.6424302498232944,0.08616232872009277,1.4573354721069336,0.0,0.6421,0.00022169000000000038,0.9445214033126831,0.29636096954345703,0.0,0.0003302498232944373,0.652,0.0002118000000000004,3.8596052646636965,0.3943042755126953,0.0,0.009569750176705583
bn_n200_w2_uncertain_moderate.bif,200,2,uncertain_moderate,0.25,0.8,X147,1,0.8354810226041426,0.09928512573242188,1.4958486557006836,0.0,0.8324999999999999,0.00013484999999999973,0.9118303298950196,0.29733753204345703,0.0,0.00298102260414268,0.8421000000000001,0.00018529000000000034,3.7018394470214844,0.38953590393066406,0.0,0.006618977395857484
bn_n200_w2_uncertain_moderate.bif,200,2,uncertain_moderate,0.5,0.6,X147,1,0.6442735313933895,0.06028914451599121,1.1536016464233398,0.0,0.6566,0.00029044000000000053,0.960239052772522,0.3171358108520508,0.0,0.012326468606610463,0.647,0.00018820000000000035,3.8550337076187136,0.4184894561767578,0.0,0.0027264686066105215
bn_n200_w2_uncertain_moderate.bif,200,2,uncertain_moderate,0.5,0.8,X147,1,0.7863393687936501,0.09621644020080566,1.1351690292358398,0.0,0.7874000000000001,0.0002204399999999997,0.946396803855896,0.31685352325439453,0.0,0.0010606312063500267,0.7822,0.00014696000000000026,3.8334736108779905,0.44794559478759766,0.0,0.004139368793650067
bn_n200_w2_uncertain_strong.bif,200,2,uncertain_strong,0.25,0.6,X172,1,0.6376090179920644,0.09489107131958008,1.470402717590332,0.0,0.6414,0.00013324000000000024,0.983382248878479,0.31927490234375,0.0,0.003790982007935595,0.6312,9.676000000000018e-05,3.8376932382583617,0.4225177764892578,0.0,0.006409017992064392
bn_n200_w2_uncertain_strong.bif,200,2,uncertain_strong,0.25,0.8,X172,1,0.8051612516284274,0.11184501647949219,1.4915666580200195,0.0,0.8098000000000001,0.0001209599999999992,0.9677069664001465,0.29829883575439453,0.0,0.004638748371572632,0.8085999999999999,0.00018583999999999894,3.8034253120422363,0.40911293029785156,0.0,0.003438748371572431
bn_n200_w2_uncertain_strong.bif,200,2,uncertain_strong,0.5,0.6,X172,1,0.5871793869690762,0.16333389282226562,18.776602745056152,0.0,0.5885,0.0002684500000000005,1.0109602212905884,0.31979846954345703,0.0,0.0013206130309237896,0.5797,0.0004776099999999995,3.9869486331939696,0.4484424591064453,0.0,0.0074793869690762405
bn_n200_w2_uncertain_strong.bif,200,2,uncertain_strong,0.5,0.8,X172,1,0.7579662524737103,0.5932765007019043,36.80375576019287,49.4375,0.7534,0.00035284000000000064,1.0250061988830566,0.3186006546020508,0.0,0.004566252473710342,0.7624000000000001,0.0005970400000000012,4.052135705947876,0.4523639678955078,0.0,0.004433747526289777
bn_n200_w2_uniform.bif,200,2,uniform,0.25,0.6,X196,1,0.569709335387624,0.10263276100158691,1.4486303329467773,0.0,0.5680999999999999,8.928999999999944e-05,1.0049338340759277,0.29787158966064453,0.0,0.001609335387624089,0.5714,0.0001408399999999995,4.0202512502670285,0.40281105041503906,0.0,0.0016906646123759916
bn_n200_w2_uniform.bif,200,2,uniform,0.25,0.8,X196,1,0.758005797125557,0.11339783668518066,1.4974870681762695,0.0,0.7619,0.0002846900000000005,0.9724156618118286,0.2964296340942383,0.0,0.0038942028744429757,0.7555,0.00013005000000000023,3.888982057571411,0.4021015167236328,0.0,0.0025057971255570965
bn_n200_w2_uniform.bif,200,2,uniform,0.5,0.6,X196,1,0.6005896905605107,0.08468198776245117,1.0899343490600586,0.0,0.6103,0.0014540100000000002,0.971767520904541,0.31683826446533203,0.0,0.00971030943948925,0.5793999999999999,0.0021070399999999997,3.856830596923828,0.4272785186767578,0.0,0.021189690560510788
bn_n200_w2_uniform.bif,200,2,uniform,0.5,0.8,X196,1,0.7908291331133477,0.09587860107421875,1.1225805282592773,0.0,0.7926000000000001,0.0002050399999999997,0.9715492248535156,0.3158540725708008,0.0,0.0017708668866524002,0.7931,0.0003636899999999992,3.839734601974487,0.41976356506347656,0.0,0.002270866886652345
bn_n200_w6_concentrated_bias_high.bif,200,6,concentrated_bias_high,0.25,0.6,X103,1,0.619578403456565,0.09787201881408691,1.5855321884155273,0.0,0.6154999999999999,0.00025465000000000047,1.1332119464874268,0.3098573684692383,0.0,0.004078403456565072,0.622,0.0002196000000000004,4.657724499702454,0.4747333526611328,0.0,0.0024215965434349895
bn_n200_w6_concentrated_bias_high.bif,200,6,concentrated_bias_high,0.25,0.8,X103,1,0.7838406416434527,0.09927535057067871,1.6263933181762695,0.0,0.7865,0.0001108500000000002,1.060976505279541,0.30820178985595703,0.0,0.0026593583565472922,0.7812,0.00026035999999999963,4.38983633518219,0.45713233947753906,0.0,0.002640641643452679
bn_n200_w6_concentrated_bias_high.bif,200,6,concentrated_bias_high,0.5,0.8,X103,1,0.7511665784211013,2.1929500102996826,1152.8512144088745,3299.4375,0.7461,0.00019409000000000036,1.066590714454651,0.3282747268676758,0.0,0.005066578421101364,0.746,0.00024140000000000042,4.411559891700745,0.4826030731201172,0.0,0.005166578421101353
bn_n200_w6_concentrated_bias_low.bif,200,6,concentrated_bias_low,0.25,0.6,X136,1,0.6193328617849513,0.10036468505859375,1.6095876693725586,0.0,0.6199,0.00026649000000000047,1.0729277372360229,0.30833911895751953,0.0,0.0005671382150487236,0.6204,0.0002846400000000005,4.46219003200531,0.45084571838378906,0.0,0.0010671382150486686
bn_n200_w6_concentrated_bias_low.bif,200,6,concentrated_bias_low,0.25,0.8,X136,1,0.8181044376437487,0.10874462127685547,1.6804933547973633,0.0,0.8283999999999999,5.68400000000001e-05,1.0956640481948852,0.3075380325317383,0.0,0.010295562356251176,0.8194000000000001,0.00011683999999999948,4.496937036514282,0.4587268829345703,0.0,0.0012955623562513896
bn_n200_w6_rigid_extreme.bif,200,6,rigid_extreme,0.25,0.6,X132,1,0.6077802001563123,0.11657595634460449,1.6866788864135742,0.0,0.6124,0.00030944000000000056,1.0543139696121215,0.31221485137939453,0.0,0.004619799843687766,0.6042,0.0002671600000000005,4.440639472007751,0.46391868591308594,0.0,0.00358020015631233
bn_n200_w6_rigid_extreme.bif,200,6,rigid_extreme,0.25,0.8,X132,1,0.8212711513127962,0.10142850875854492,1.6429319381713867,0.0,0.8182,0.000302159999999999,1.059538984298706,0.3095064163208008,0.0,0.0030711513127961165,0.8161999999999999,0.0007021599999999991,4.382277631759644,0.46268272399902344,0.0,0.005071151312796229
bn_n200_w6_rigid_extreme.bif,200,6,rigid_extreme,0.5,0.6,X132,1,0.5996092445839959,0.1291213035583496,157.59539318084717,94.8125,0.5298999999999999,0.007789690000000002,1.0874004364013672,0.32974720001220703,0.0,0.06970924458399597,0.616,0.015160000000000002,4.4694990634918215,0.4871501922607422,0.0,0.0163907554160041
bn_n200_w6_rigid_extreme.bif,200,6,rigid_extreme,0.5,0.8,X132,1,0.8494518681476736,0.11373209953308105,43.03441905975342,12.3125,0.8248999999999999,0.0035172900000000006,1.0970213651657104,0.3340272903442383,0.0,0.02455186814767374,0.8773,0.004295210000000001,4.512024068832398,0.4939861297607422,0.0,0.027848131852326374
bn_n200_w6_spread_bias_high.bif,200,6,spread_bias_high,0.25,0.6,X152,1,0.6289633127450527,0.0903329849243164,1.6067228317260742,0.0,0.6260000000000001,0.00013660000000000023,1.072248649597168,0.3088045120239258,0.0,0.002963312745052571,0.6312,0.0003377600000000006,4.370908522605896,0.4595804214477539,0.0,0.0022366872549473005
bn_n200_w6_spread_bias_high.bif,200,6,spread_bias_high,0.25,0.8,X152,1,0.843453382553747,0.0956578254699707,1.6246213912963867,0.0,0.8435,0.00015725000000000027,1.0353807210922241,0.3074922561645508,0.0,4.661744625300557e-05,0.8442999999999999,0.0002114099999999996,4.240443229675293,0.4884157180786133,0.0,0.0008466174462529175
bn_n200_w6_spread_bias_high.bif,200,6,spread_bias_high,0.5,0.6,X152,1,0.627748664355643,0.08306312561035156,38.39747142791748,16.4375,0.6275,0.0004124500000000007,1.0629587650299073,0.3318300247192383,0.0,0.0002486643556430801,0.6215999999999999,0.00039744000000000075,4.366768884658813,0.49022483825683594,0.0,0.0061486643556430964
bn_n200_w6_spread_bias_high.bif,200,6,spread_bias_high,0.5,0.8,X152,1,0.7842422044108126,0.09301161766052246,2.6191587448120117,0.0,0.7795,7.585000000000014e-05,1.0782809495925902,0.3289003372192383,0.0,0.004742204410812634,0.7935,0.0002876499999999994,4.374568343162537,0.49316978454589844,0.0,0.009257795589187379
