step,n_hidden,max_partition_size,max_partition_tensor_size,threshold_distance,constrained_treewidth_H,constrained_treewidth_biggest,exact_sdp_result,exact_time_sec,exact_peak_memory_mb,exact_peak_rss_mb,exact_success,exact_status,exact_sdp_result_chen,exact_time_sec_chen,exact_peak_memory_mb_chen,exact_peak_rss_mb_chen,exact_success_chen,exact_status_chen,mcmc_avg_estimate,mcmc_avg_time_sec,mcmc_peak_memory_mb,mcmc_error,mcmc_success,pt_avg_estimate,pt_avg_time_sec,pt_peak_memory_mb,pt_error,pt_success
1,1,1,2,0.1945248336589726,1,1,1.0,0.0863599949516356,1.8610239028930664,0.0,True,OK,1.0,0.09274214203469455,1.8553266525268555,0.0,True,OK,1.0,0.6389804625418037,2.0488147735595703,0.0,True,1.0,2.418164543202147,1.8550872802734375,0.0,True
2,2,2,4,0.1945248336589726,1,1,1.0,0.0857011079788208,1.8498458862304688,0.0,True,OK,1.0,0.09709296678192914,1.850006103515625,0.0,True,OK,1.0,0.7784955464769154,2.0410842895507812,0.0,True,1.0,2.9846664073411375,1.8506240844726562,0.0,True
3,3,3,8,0.1945248336589726,1,1,1.0,0.08738976903259754,1.83966064453125,0.0,True,OK,1.0,0.09505948307923973,1.8398208618164062,0.0,True,OK,1.0,0.8327596075832844,2.0309677124023438,0.0,True,1.0,3.205609831772745,1.8403778076171875,0.0,True
4,4,4,16,0.1945248336589726,2,2,1.0,0.08690159604884684,1.8328781127929688,0.0,True,OK,1.0,0.07926196209155023,1.8330917358398438,0.0,True,OK,1.0,0.9340435037855059,2.0244293212890625,0.0,True,1.0,3.649685610970482,1.8337249755859375,0.0,True
5,5,5,32,0.1945248336589726,3,3,1.0,0.08163370005786419,1.8258819580078125,0.0,True,OK,1.0,0.09457984217442572,1.8260955810546875,0.0,True,OK,1.0,0.9081645993981511,2.0175933837890625,0.0,True,1.0,3.6008001943584533,1.826751708984375,0.0,True
6,6,6,64,0.1945248336589726,4,4,1.0,0.08715617493726313,1.8137741088867188,0.0,True,OK,1.0,0.0951957970391959,1.8139266967773438,0.0,True,OK,1.0,0.8979216977953911,2.0058059692382812,0.0,True,1.0,3.4482792070135475,1.8146514892578125,0.0,True
7,7,7,128,0.1945248336589726,4,4,1.0,0.084233108907938,1.8059539794921875,0.0,True,OK,1.0,0.08781327190808952,1.8061141967773438,0.0,True,OK,1.0,0.9085216779727489,1.9981155395507812,0.0,True,1.0,3.5008177354931833,1.80670166015625,0.0,True
8,8,8,256,0.1945248336589726,4,4,1.0,0.08528219303116202,1.7980117797851562,0.0,True,OK,1.0,0.0937726148404181,1.7982254028320312,0.0,True,OK,1.0,0.8876520935911685,1.9903640747070312,0.0,True,1.0,3.5242201145738363,1.79888916015625,0.0,True
9,9,9,512,0.1983900173653037,4,4,1.0,0.08462594402953982,1.7863550186157227,0.0,True,OK,1.0,0.09335863194428384,1.7865066528320312,0.0,True,OK,1.0,0.9216175500303507,1.9787673950195312,0.0,True,1.0,3.550992271443829,1.7872238159179688,0.0,True
10,10,10,1024,0.1983900173653037,2,2,1.0,0.0839492310769856,1.7793350219726562,0.0,True,OK,1.0,0.0944113947916776,1.7795486450195312,0.0,True,OK,1.0,0.9901150641497225,1.972015380859375,0.0,True,1.0,3.807703433558345,1.7802734375,0.0,True
11,11,11,2048,0.1983900173653037,2,2,1.0,0.0828849389217794,1.7723388671875,0.0,True,OK,1.0,0.0939250800292939,1.7725601196289062,0.0,True,OK,1.0,1.0174494520295412,1.9656953811645508,0.0,True,1.0,3.7912694838363676,1.7732696533203125,0.0,True
12,12,12,4096,0.1983900173653037,3,3,1.0,0.08471312001347542,1.765411376953125,0.0,True,OK,1.0,0.09504888509400189,1.76556396484375,0.0,True,OK,1.0,0.9983315203804523,1.9588165283203125,0.0,True,1.0,3.77928481916897,1.7662124633789062,0.0,True
13,13,13,8192,0.1983900173653037,3,3,1.0,0.08686802093870938,1.7563858032226562,0.0,True,OK,1.0,0.09206694201566279,1.7565383911132812,0.0,True,OK,1.0,1.0078298298176378,1.9499282836914062,0.0,True,1.0,3.76351393093355,1.75732421875,0.0,True
14,14,14,16384,0.1983900173653037,4,4,1.0,0.08496882487088442,2.700469970703125,0.0,True,OK,1.0,0.09353075502440333,1.749603271484375,0.0,True,OK,1.0,1.00474987719208,1.9430618286132812,0.0,True,1.0,3.7913108354434373,1.7503204345703125,0.0,True
15,15,15,32768,0.1983900173653037,5,5,1.0,0.08756829891353846,4.949920654296875,0.0,True,OK,1.0,0.09208906791172922,1.7425460815429688,0.0,True,OK,1.0,1.0278738622087986,1.9362564086914062,0.0,True,1.0,3.786498248577118,1.7432632446289062,0.0,True
16,16,16,65536,0.17535224412016415,3,3,1.0,0.08931868895888329,10.074142456054688,0.0,True,OK,1.0,0.09753964189440012,1.7918243408203125,0.0,True,OK,1.0,1.0439566581510007,1.9856338500976562,0.0,True,1.0,3.8685431810095907,1.79254150390625,0.0,True
17,17,17,131072,0.13315777178902793,4,4,0.8358370095335866,0.13146066712215543,19.069862365722656,32.9375,True,OK,0.8358370095335868,132.5242267260328,1.7941818237304688,0.0,True,OK,0.8371999999999999,1.0689568660221993,1.9882278442382812,0.0013629904664133052,True,0.835,3.9909490903373808,1.7949752807617188,0.0008370095335866745,True
18,18,18,262144,0.12445774430043699,5,5,0.8019884400229038,0.20632751495577395,37.067169189453125,74.1875,True,OK,0.8019884400229039,264.5813681338914,1.7943878173828125,0.0,True,OK,0.7974,1.0639467052184046,1.988555908203125,0.004588440022903817,True,0.7994,3.9701182468328624,1.79510498046875,0.002588440022903815,True
19,19,19,524288,0.12203813829309385,5,5,0.7925746534302303,0.33747807587496936,73.0643539428711,181.4375,True,OK,0.7925746534302297,531.2710964779835,1.7945175170898438,0.0,True,OK,0.7848,1.0568653667811305,1.9888229370117188,0.007774653430230205,True,0.7918000000000001,3.961277034599334,1.7953033447265625,0.0007746534302301988,True
20,20,20,1048576,0.1221818034786456,5,5,0.7931336012066265,0.6121919539291412,145.06082153320312,391.75,True,OK,0.793133601206626,1052.626126750838,1.7950515747070312,0.0,True,OK,0.7872,1.0521516915876419,1.9894790649414062,0.005933601206626449,True,0.7826000000000001,3.935866818157956,1.79583740234375,0.010533601206626386,True
21,21,21,2097152,0.12219223296709675,6,6,0.7931741784651952,1.0989429398905486,289.05713653564453,816.0625,True,OK,,1800.0,,,False,TIMEOUT,0.7944000000000001,1.052543858392164,1.9931564331054688,0.0012258215348048829,True,0.7866,3.993995738402009,1.7993698120117188,0.006574178465195257,True
22,22,22,4194304,0.12219186121793518,7,7,0.7931727321274359,2.1115221499931067,577.0520286560059,1634.9375,True,OK,,,,,False,SKIPPED_PREV_TIMEOUT,0.7969999999999999,1.077160161640495,1.9978561401367188,0.003827267872564044,True,0.7868,4.0356860879343,1.8029022216796875,0.006372732127435832,True
23,23,23,8388608,0.1221917461982539,7,7,0.7931722846288438,4.128650197992101,1153.0490379333496,3284.625,True,OK,,,,,False,SKIPPED_PREV_TIMEOUT,0.7978000000000001,1.0799298016354442,1.9997634887695312,0.004627715371156249,True,0.79,4.028106627613306,1.8046798706054688,0.00317228462884378,True
24,24,24,16777216,0.12219175554023881,7,7,0.7931723209748516,8.26042184792459,2305.0461235046387,6632.5,True,OK,,,,,False,SKIPPED_PREV_TIMEOUT,0.791,1.1053863250650466,2.0001602172851562,0.002172320974851538,True,0.7992,4.009213938983157,1.8049392700195312,0.006027679025148447,True
25,25,25,33554432,0.12219165856670955,7,7,0.7931719436870471,16.533410409931093,4609.043064117432,13297.5,True,OK,,,,,False,SKIPPED_PREV_TIMEOUT,0.7886,1.1485147018451243,2.0009078979492188,0.004571943687047164,True,0.7898,3.998473347024992,1.8055648803710938,0.0033719436870471853,True
26,26,26,67108864,0.12219236879906326,7,7,0.7931747069368442,32.7215431490913,9217.040073394775,26659.125,True,OK,,,,,False,SKIPPED_PREV_TIMEOUT,0.7914,1.2425574367400258,2.0006942749023438,0.001774706936844228,True,0.7962,3.988791316607967,1.8052825927734375,0.0030252930631557984,True
27,27,27,134217728,0.12219237027845642,7,7,0.793173931565418,64.31898508989252,18433.03647994995,53382.875,True,OK,,,,,False,SKIPPED_PREV_TIMEOUT,0.8009999999999999,1.4516092788428068,2.0027236938476562,0.00782606843458189,True,0.7996000000000001,4.029159615654498,1.8071670532226562,0.006426068434582044,True
28,28,28,268435456,0.12219235470091133,7,7,,,,,False,SKIPPED_OOM,,,,,False,SKIPPED_PREV_TIMEOUT,0.7894,1.066179957613349,2.00457763671875,,True,0.7928,4.026616365928203,1.8088302612304688,,True
29,29,29,536870912,0.12219235469364809,7,7,,,,,False,SKIPPED_OOM,,,,,False,SKIPPED_PREV_TIMEOUT,0.7974,1.0621325384359808,1.991455078125,,True,0.7992000000000001,4.024781183013692,1.80438232421875,,True
30,30,30,1073741824,0.12219235469482886,7,7,,,,,False,SKIPPED_OOM,,,,,False,SKIPPED_PREV_TIMEOUT,0.8068,1.0650593338068575,1.9917221069335938,,True,0.7964,3.983101962460205,1.8045806884765625,,True
31,31,31,2147483648,0.12219235469487355,7,7,,,,,False,SKIPPED_OOM,,,,,False,SKIPPED_PREV_TIMEOUT,0.792,1.0545545844361186,1.9926223754882812,,True,0.8046,3.975848607951775,1.8052902221679688,,True
32,32,32,4294967296,0.12219235469486817,7,7,,,,,False,SKIPPED_OOM,,,,,False,SKIPPED_PREV_TIMEOUT,0.796,1.069017414143309,1.9949264526367188,,True,0.7948,4.023686366016046,1.8075332641601562,,True
33,33,33,8589934592,0.12219235469486905,7,7,,,,,False,SKIPPED_OOM,,,,,False,SKIPPED_PREV_TIMEOUT,0.7894,1.0617753266356886,1.9950103759765625,,True,0.7936,4.004017877392471,1.8074874877929688,,True
34,34,34,17179869184,0.12219235469486828,7,7,,,,,False,SKIPPED_OOM,,,,,False,SKIPPED_PREV_TIMEOUT,0.7932,1.0713394791819155,1.998687744140625,,True,0.7954000000000001,4.040700372355059,1.8110198974609375,,True
35,35,35,34359738368,0.12219235469486822,7,7,,,,,False,SKIPPED_OOM,,,,,False,SKIPPED_PREV_TIMEOUT,0.7901999999999999,1.082571095507592,2.0023651123046875,,True,0.8042,4.074781639780849,1.8145523071289062,,True
36,36,36,68719476736,0.12219235469486822,7,7,,,,,False,SKIPPED_OOM,,,,,False,SKIPPED_PREV_TIMEOUT,0.7884,1.077029547188431,2.0043563842773438,,True,0.8004000000000001,4.059410432400182,1.8164138793945312,,True
37,37,37,137438953472,0.12219235469486817,7,7,,,,,False,SKIPPED_OOM,,,,,False,SKIPPED_PREV_TIMEOUT,0.799,1.0722642356529832,2.0047531127929688,,True,0.7944,4.067417370667681,1.816680908203125,,True
38,38,38,274877906944,0.12219235469486822,7,7,,,,,False,SKIPPED_OOM,,,,,False,SKIPPED_PREV_TIMEOUT,0.7922,1.0745031752623617,2.0047683715820312,,True,0.7952,4.059333461802453,1.8165664672851562,,True
39,39,39,549755813888,0.12219235469486817,7,7,,,,,False,SKIPPED_OOM,,,,,False,SKIPPED_PREV_TIMEOUT,0.7936,1.0640177969355136,2.005157470703125,,True,0.7854,4.049065752327442,1.8167648315429688,,True
40,40,40,1099511627776,0.12219235469486817,7,7,,,,,False,SKIPPED_OOM,,,,,False,SKIPPED_PREV_TIMEOUT,0.7928000000000001,1.064186904579401,1.9677658081054688,,True,0.7856,4.011650952650234,1.7793197631835938,,True
41,41,41,2199023255552,0.122192354694868,7,7,,,,,False,SKIPPED_OOM,,,,,False,SKIPPED_PREV_TIMEOUT,0.7826000000000001,1.0559688950888813,1.9681549072265625,,True,0.7866,3.9953621101565657,1.7795181274414062,,True
42,42,42,4398046511104,0.12219235469486794,7,7,,,,,False,SKIPPED_OOM,,,,,False,SKIPPED_PREV_TIMEOUT,0.7944,1.0572627106215804,1.9684829711914062,,True,0.7908000000000001,3.996522759273648,1.7797088623046875,,True
43,43,43,8796093022208,0.12219235469486806,7,7,,,,,False,SKIPPED_OOM,,,,,False,SKIPPED_PREV_TIMEOUT,0.7872000000000001,1.0564924599602818,1.9708404541015625,,True,0.7944000000000001,3.9925085589755325,1.7799148559570312,,True
44,44,44,17592186044416,0.12219235469486794,7,7,,,,,False,SKIPPED_OOM,,,,,False,SKIPPED_PREV_TIMEOUT,0.7888,1.0552651311270893,1.9712295532226562,,True,0.7827999999999999,3.9640489482320844,1.7801132202148438,,True
45,45,45,35184372088832,0.122192354694868,7,7,,,,,False,SKIPPED_OOM,,,,,False,SKIPPED_PREV_TIMEOUT,0.7944,1.0555117525625974,1.9741668701171875,,True,0.7962000000000001,3.9566966835409403,1.7829818725585938,,True
46,46,46,70368744177664,0.122192354694868,7,7,,,,,False,SKIPPED_OOM,,,,,False,SKIPPED_PREV_TIMEOUT,0.7948000000000001,1.0508540000300854,1.9744873046875,,True,0.7974,3.949828364839777,1.783111572265625,,True
47,47,47,140737488355328,0.12219481257345732,7,7,,,,,False,SKIPPED_OOM,,,,,False,SKIPPED_PREV_TIMEOUT,0.7936,1.0525681017898023,1.9718170166015625,,True,0.7876000000000001,3.956991397822276,1.7803115844726562,,True
48,48,48,281474976710656,0.12219481258364184,7,7,,,,,False,SKIPPED_OOM,,,,,False,SKIPPED_PREV_TIMEOUT,0.7952,1.0482494852039963,1.9691238403320312,,True,0.7896,3.9552767735440284,1.7774887084960938,,True
49,49,49,562949953421312,0.1221948124024459,7,7,,,,,False,SKIPPED_OOM,,,,,False,SKIPPED_PREV_TIMEOUT,0.8008,1.0473904107697307,1.9431915283203125,,True,0.806,3.934435514360666,1.7514801025390625,,True
50,50,50,1125899906842624,0.12219481249206282,7,7,,,,,False,SKIPPED_OOM,,,,,False,SKIPPED_PREV_TIMEOUT,0.8016,1.0553932865615934,1.9452972412109375,,True,0.8009999999999999,4.000873919762671,1.7533721923828125,,True
51,51,51,2251799813685248,0.12219481249928804,7,7,,,,,False,SKIPPED_OOM,,,,,False,SKIPPED_PREV_TIMEOUT,0.795,1.0521374912001193,1.9471435546875,,True,0.7950000000000002,3.9664931713137777,1.7551498413085938,,True
52,52,52,4503599627370496,0.12219481247691405,7,7,,,,,False,SKIPPED_OOM,,,,,False,SKIPPED_PREV_TIMEOUT,0.7918000000000001,1.0557342333719135,1.9491119384765625,,True,0.8052000000000001,3.971163251809776,1.756927490234375,,True
53,53,53,9007199254740992,0.12219481247119579,7,7,,,,,False,SKIPPED_OOM,,,,,False,SKIPPED_PREV_TIMEOUT,0.7994000000000001,1.053737723827362,1.949371337890625,,True,0.792,3.9742229119874537,1.7570571899414062,,True
54,54,54,18014398509481984,0.1221948124714044,7,7,,,,,False,SKIPPED_OOM,,,,,False,SKIPPED_PREV_TIMEOUT,0.7918000000000001,1.0553619868122042,1.9196319580078125,,True,0.7876000000000001,3.9486942540854217,1.727203369140625,,True
55,55,55,36028797018963968,0.12219481247160946,7,7,,,,,False,SKIPPED_OOM,,,,,False,SKIPPED_PREV_TIMEOUT,0.7978,1.0504625465720892,1.919891357421875,,True,0.7930000000000001,3.939137822855264,1.7273330688476562,,True
56,56,56,72057594037927936,0.12219481247168751,7,7,,,,,False,SKIPPED_OOM,,,,,False,SKIPPED_PREV_TIMEOUT,0.7978,1.0457849651575089,1.9202194213867188,,True,0.7912000000000001,3.9409446862526236,1.7275314331054688,,True
57,57,57,144115188075855872,0.12219481247168906,7,7,,,,,False,SKIPPED_OOM,,,,,False,SKIPPED_PREV_TIMEOUT,0.797,1.0501529876142741,1.919036865234375,,True,0.7876000000000001,3.9414742025081067,1.7262191772460938,,True
58,58,58,288230376151711744,0.12219481247226105,7,7,,,,,False,SKIPPED_OOM,,,,,False,SKIPPED_PREV_TIMEOUT,0.7928,1.0498001838102937,1.9147186279296875,,True,0.7852000000000001,3.9516286502126605,1.7218170166015625,,True
59,59,59,576460752303423488,0.12219481247226105,7,7,,,,,False,SKIPPED_OOM,,,,,False,SKIPPED_PREV_TIMEOUT,0.7777999999999999,1.0418030581437052,1.9050521850585938,,True,0.7928,3.9295620288234203,1.7120208740234375,,True
60,60,60,1152921504606846976,0.12219481247226105,7,7,,,,,False,SKIPPED_OOM,,,,,False,SKIPPED_PREV_TIMEOUT,0.7938,1.0520024559926242,1.896209716796875,,True,0.8048,3.956988070346415,1.731703758239746,,True
61,61,61,2305843009213693952,0.12219481247226105,7,7,,,,,False,SKIPPED_OOM,,,,,False,SKIPPED_PREV_TIMEOUT,0.7992000000000001,1.0499029991216957,1.8893356323242188,,True,0.7868,3.9470727012027056,1.6959686279296875,,True
62,62,62,4611686018427387904,0.12219481247226105,7,7,,,,,False,SKIPPED_OOM,,,,,False,SKIPPED_PREV_TIMEOUT,0.7978,1.04754178696312,1.8824081420898438,,True,0.7898,3.951277304207906,1.6889724731445312,,True
63,63,63,9223372036854775808,0.12219481247226105,7,7,,,,,False,SKIPPED_OOM,,,,,False,SKIPPED_PREV_TIMEOUT,0.7924,1.0496970227453857,1.8756027221679688,,True,0.7924,3.957657852768898,1.681976318359375,,True
64,64,64,18446744073709551616,0.12219481247226105,7,7,,,,,False,SKIPPED_OOM,,,,,False,SKIPPED_PREV_TIMEOUT,0.7808,1.0515710160601883,1.8687362670898438,,True,0.7998000000000001,3.9477967930026354,1.6749801635742188,,True
65,65,65,36893488147419103232,0.12219481247226105,7,7,,,,,False,SKIPPED_OOM,,,,,False,SKIPPED_PREV_TIMEOUT,0.787,1.0592254372313619,1.8621139526367188,,True,0.7869999999999999,3.9825700754765423,1.6682586669921875,,True
66,66,66,73786976294838206464,0.12219481247226105,7,7,,,,,False,SKIPPED_OOM,,,,,False,SKIPPED_PREV_TIMEOUT,0.7914000000000001,1.0651730303652585,1.8551483154296875,,True,0.799,4.011999867623672,1.6611480712890625,,True
67,67,67,147573952589676412928,0.12219481247226105,7,7,,,,,False,SKIPPED_OOM,,,,,False,SKIPPED_PREV_TIMEOUT,0.7942,1.0617226134520024,1.8460922241210938,,True,0.7934,3.993493229430169,1.6740942001342773,,True
68,68,68,295147905179352825856,0.12219481247226105,7,7,,,,,False,SKIPPED_OOM,,,,,False,SKIPPED_PREV_TIMEOUT,0.7994,1.05818926054053,1.8431692123413086,,True,0.7938000000000001,4.002171202562749,1.6427154541015625,,True
69,69,69,590295810358705651712,0.12219481247226105,7,7,,,,,False,SKIPPED_OOM,,,,,False,SKIPPED_PREV_TIMEOUT,0.7896000000000001,1.0549727809615432,1.7796554565429688,,True,0.7878000000000001,3.9961479178164154,1.6040716171264648,,True
70,70,70,1180591620717411303424,0.12219481247226105,7,7,,,,,False,SKIPPED_OOM,,,,,False,SKIPPED_PREV_TIMEOUT,0.7876000000000001,1.0572070411872119,1.796767234802246,,True,0.7950000000000002,3.9851693659555165,1.57537841796875,,True
71,71,71,2361183241434822606848,0.12219481247226105,7,7,,,,,False,SKIPPED_OOM,,,,,False,SKIPPED_PREV_TIMEOUT,0.8004,1.0575014519505204,1.7682104110717773,,True,0.782,3.967151408782229,1.5674972534179688,,True
72,72,72,4722366482869645213696,0.12219481247226105,7,7,,,,,False,SKIPPED_OOM,,,,,False,SKIPPED_PREV_TIMEOUT,0.7884,1.0579020202625542,1.75445556640625,,True,0.8006,3.9908582016360015,1.578932762145996,,True
73,73,73,9444732965739290427392,0.12219481247226105,7,7,,,,,False,SKIPPED_OOM,,,,,False,SKIPPED_PREV_TIMEOUT,0.7908000000000002,1.0503080933820457,1.7768316268920898,,True,0.7952,3.9807758774608373,1.5518569946289062,,True
74,74,74,18889465931478580854784,0.12219481247226105,7,7,,,,,False,SKIPPED_OOM,,,,,False,SKIPPED_PREV_TIMEOUT,0.7908000000000001,1.0551174054853618,1.7366180419921875,,True,0.7938000000000001,3.97966197533533,1.5415802001953125,,True
75,75,75,37778931862957161709568,0.12219481247226105,7,7,,,,,False,SKIPPED_OOM,,,,,False,SKIPPED_PREV_TIMEOUT,0.8024000000000001,1.060001202346757,1.7606725692749023,,True,0.7879999999999999,4.002832936588675,1.53460693359375,,True
76,76,76,75557863725914323419136,0.12219481247226105,7,7,,,,,False,SKIPPED_OOM,,,,,False,SKIPPED_PREV_TIMEOUT,0.7844,1.0637876837048679,1.7199172973632812,,True,0.8032,3.989664125815034,1.5245437622070312,,True
77,77,77,151115727451828646838272,0.12219481247226105,7,7,,,,,False,SKIPPED_OOM,,,,,False,SKIPPED_PREV_TIMEOUT,0.7908000000000001,1.0556519865989684,1.7121047973632812,,True,0.7910000000000001,3.9856968198902907,1.51666259765625,,True
78,78,78,302231454903657293676544,0.12219481247226105,7,7,,,,,False,SKIPPED_OOM,,,,,False,SKIPPED_PREV_TIMEOUT,0.7942,1.0543567543849348,1.7052154541015625,,True,0.7847999999999999,3.9940031782258303,1.5096435546875,,True
79,79,79,604462909807314587353088,0.12219481247226105,7,7,,,,,False,SKIPPED_OOM,,,,,False,SKIPPED_PREV_TIMEOUT,0.7932,1.0580636541824788,1.6820755004882812,,True,0.795,3.9852994942106306,1.4863739013671875,,True
80,80,80,1208925819614629174706176,0.12219481247226105,7,7,,,,,False,SKIPPED_OOM,,,,,False,SKIPPED_PREV_TIMEOUT,0.7928000000000001,1.058857262833044,1.6743927001953125,,True,0.792,3.9979168420191855,1.4784927368164062,,True
81,81,81,2417851639229258349412352,0.12219481247226105,7,7,,,,,False,SKIPPED_OOM,,,,,False,SKIPPED_PREV_TIMEOUT,0.8023999999999999,1.0608782907947898,1.6654129028320312,,True,0.7892,3.9838696502149107,1.4694976806640625,,True
82,82,82,4835703278458516698824704,0.12219481247226105,7,7,,,,,False,SKIPPED_OOM,,,,,False,SKIPPED_PREV_TIMEOUT,0.7996000000000001,1.0600725593976676,1.656829833984375,,True,0.7876000000000001,4.023922390211373,1.46063232421875,,True
83,83,83,9671406556917033397649408,0.12219481247226105,7,7,,,,,False,SKIPPED_OOM,,,,,False,SKIPPED_PREV_TIMEOUT,0.7936000000000001,1.0564314150251448,1.64990234375,,True,0.7924000000000001,4.002655650163069,1.4536361694335938,,True
84,84,84,19342813113834066795298816,0.12219481247226105,7,7,,,,,False,SKIPPED_OOM,,,,,False,SKIPPED_PREV_TIMEOUT,0.7916000000000001,1.0649210960138589,1.643341064453125,,True,0.7978000000000001,4.042393291182816,1.4469146728515625,,True
85,85,85,38685626227668133590597632,0.12219481247226105,7,7,,,,,False,SKIPPED_OOM,,,,,False,SKIPPED_PREV_TIMEOUT,0.7872,1.0624786257743835,1.636474609375,,True,0.7930000000000001,4.036701932968572,1.4399185180664062,,True
86,86,86,77371252455336267181195264,0.12219481247226105,7,7,,,,,False,SKIPPED_OOM,,,,,False,SKIPPED_PREV_TIMEOUT,0.7940000000000002,1.0668082023970782,1.6323776245117188,,True,0.7980000000000002,4.054301932174712,1.4309844970703125,,True
87,87,87,154742504910672534362390528,0.12219481247226105,7,7,,,,,False,SKIPPED_OOM,,,,,False,SKIPPED_PREV_TIMEOUT,0.7982,1.0697773148305714,1.6257095336914062,,True,0.774,4.041614152956754,1.4242401123046875,,True
88,88,88,309485009821345068724781056,0.12219481247226105,7,7,,,,,False,SKIPPED_OOM,,,,,False,SKIPPED_PREV_TIMEOUT,0.7944000000000001,1.0726760949473828,1.619049072265625,,True,0.791,4.063366062613204,1.4173736572265625,,True
89,89,89,618970019642690137449562112,0.12219481247226105,7,7,,,,,False,SKIPPED_OOM,,,,,False,SKIPPED_PREV_TIMEOUT,0.7870000000000001,1.0719161903485657,1.6083755493164062,,True,0.8089999999999999,4.0994355221744625,1.4066162109375,,True
90,90,90,1237940039285380274899124224,0.12219481247226105,7,7,,,,,False,SKIPPED_OOM,,,,,False,SKIPPED_PREV_TIMEOUT,0.7918000000000001,1.076058243960142,1.6015701293945312,,True,0.7982,4.077129433164373,1.3996810913085938,,True
91,91,91,2475880078570760549798248448,0.12219481247226105,7,7,,,,,False,SKIPPED_OOM,,,,,False,SKIPPED_PREV_TIMEOUT,0.8009999999999999,1.0694646220188588,1.592071533203125,,True,0.7898000000000002,4.071682730736211,1.3900527954101562,,True
92,92,92,4951760157141521099596496896,0.12219481247226105,7,7,,,,,False,SKIPPED_OOM,,,,,False,SKIPPED_PREV_TIMEOUT,0.7892,1.0773539883550256,1.5858993530273438,,True,0.7958000000000001,4.086674055922776,1.3837203979492188,,True
93,93,93,9903520314283042199192993792,0.12219481247226105,7,7,,,,,False,SKIPPED_OOM,,,,,False,SKIPPED_PREV_TIMEOUT,0.7886,1.0758334412705153,1.5769119262695312,,True,0.79,4.098348222440109,1.3745346069335938,,True
94,94,94,19807040628566084398385987584,0.12219481247226105,7,7,,,,,False,SKIPPED_OOM,,,,,False,SKIPPED_PREV_TIMEOUT,0.797,1.0784034397918731,1.569976806640625,,True,0.7942,4.080404358403757,1.3675384521484375,,True
95,95,95,39614081257132168796771975168,0.12219481247226105,7,7,,,,,False,SKIPPED_OOM,,,,,False,SKIPPED_PREV_TIMEOUT,0.7946000000000001,1.0774610159918665,1.56488037109375,,True,0.7844,4.094602077221498,1.3622512817382812,,True
96,96,96,79228162514264337593543950336,0.12219481247226105,7,7,,,,,False,SKIPPED_OOM,,,,,False,SKIPPED_PREV_TIMEOUT,0.796,1.0774482866283506,1.5558013916015625,,True,0.799,4.089039485855028,1.3530426025390625,,True
97,97,97,158456325028528675187087900672,0.12219481247226105,7,7,,,,,False,SKIPPED_OOM,,,,,False,SKIPPED_PREV_TIMEOUT,0.792,1.073373561212793,1.5488739013671875,,True,0.7996000000000001,4.068806413980201,1.3461074829101562,,True
98,98,98,316912650057057350374175801344,0.12219481247226105,7,7,,,,,False,SKIPPED_OOM,,,,,False,SKIPPED_PREV_TIMEOUT,0.7962,1.0765554179437458,1.5420761108398438,,True,0.8008000000000001,4.075842850608751,1.33905029296875,,True
99,99,99,633825300114114700748351602688,0.12219481247226105,7,7,,,,,False,SKIPPED_OOM,,,,,False,SKIPPED_PREV_TIMEOUT,0.789,1.0664742995519192,1.5351409912109375,,True,0.7984,4.062349099945277,1.3320541381835938,,True
100,100,100,1267650600228229401496703205376,0.12219481247226105,7,7,,,,,False,SKIPPED_OOM,,,,,False,SKIPPED_PREV_TIMEOUT,0.7926,1.0700923135969789,1.5261459350585938,,True,0.7896,4.059360471041873,1.3228683471679688,,True
101,101,101,2535301200456458802993406410752,0.12219481247226105,7,7,,,,,False,SKIPPED_OOM,,,,,False,SKIPPED_PREV_TIMEOUT,0.7860000000000001,1.0625693895388395,1.5172500610351562,,True,0.7874000000000001,4.054623473994434,1.3138580322265625,,True
102,102,102,5070602400912917605986812821504,0.12219481247226105,7,7,,,,,False,SKIPPED_OOM,,,,,False,SKIPPED_PREV_TIMEOUT,0.7860000000000001,1.0670147785451263,1.5103836059570312,,True,0.7794000000000001,4.051974039431661,1.3069229125976562,,True
103,103,103,10141204801825835211973625643008,0.12219481247226105,7,7,,,,,False,SKIPPED_OOM,,,,,False,SKIPPED_PREV_TIMEOUT,0.7868,1.0688586993608624,1.5037841796875,,True,0.7856,4.065822544833646,1.3001174926757812,,True
104,104,104,20282409603651670423947251286016,0.12219481247226105,7,7,,,,,False,SKIPPED_OOM,,,,,False,SKIPPED_PREV_TIMEOUT,0.7882,1.0728893167804927,1.4947357177734375,,True,0.7821999999999999,4.059367721388116,1.2909317016601562,,True
105,105,105,40564819207303340847894502572032,0.12219481247226105,7,7,,,,,False,SKIPPED_OOM,,,,,False,SKIPPED_PREV_TIMEOUT,0.7998000000000001,1.0664691765792669,1.4878692626953125,,True,0.797,4.070386717189104,1.2839813232421875,,True
106,106,106,81129638414606681695789005144064,0.12219481247226105,7,7,,,,,False,SKIPPED_OOM,,,,,False,SKIPPED_PREV_TIMEOUT,0.788,1.0696975599508733,1.4810333251953125,,True,0.7988,4.055319537967444,1.2769622802734375,,True
107,107,107,162259276829213363391578010288128,0.12219481247226105,7,7,,,,,False,SKIPPED_OOM,,,,,False,SKIPPED_PREV_TIMEOUT,0.7906000000000001,1.068435826152563,1.4743194580078125,,True,0.7938,4.071647796593607,1.2701187133789062,,True
108,108,108,324518553658426726783156020576256,0.12219481247226105,7,7,,,,,False,SKIPPED_OOM,,,,,False,SKIPPED_PREV_TIMEOUT,0.7974000000000001,1.0679534913506359,1.4674530029296875,,True,0.7958000000000001,4.038820174243301,1.26312255859375,,True
109,109,109,649037107316853453566312041152512,0.12219481247226105,7,7,,,,,False,SKIPPED_OOM,,,,,False,SKIPPED_PREV_TIMEOUT,0.8074,1.0762490934692324,1.4608535766601562,,True,0.791,4.069432827318087,1.256378173828125,,True
110,110,110,1298074214633706907132624082305024,0.12219481247226105,7,7,,,,,False,SKIPPED_OOM,,,,,False,SKIPPED_PREV_TIMEOUT,0.7916000000000001,1.0704754893667996,1.4498367309570312,,True,0.7896,4.0604096512775865,1.2452316284179688,,True
111,111,111,2596148429267413814265248164610048,0.12219481247226105,7,7,,,,,False,SKIPPED_OOM,,,,,False,SKIPPED_PREV_TIMEOUT,0.7996,1.0708628778345883,1.4429779052734375,,True,0.791,4.057548375008627,1.2382354736328125,,True
112,112,112,5192296858534827628530496329220096,0.12219481247226105,7,7,,,,,False,SKIPPED_OOM,,,,,False,SKIPPED_PREV_TIMEOUT,0.8038000000000001,1.0691027432214468,1.4365463256835938,,True,0.7836000000000001,4.067418159032241,1.2316513061523438,,True
113,113,113,10384593717069655257060992658440192,0.12219481247226105,7,7,,,,,False,SKIPPED_OOM,,,,,False,SKIPPED_PREV_TIMEOUT,0.7986,1.0802491454407572,1.4274215698242188,,True,0.7922,4.081786494050175,1.222381591796875,,True
114,114,114,20769187434139310514121985316880384,0.12219481247226105,7,7,,,,,False,SKIPPED_OOM,,,,,False,SKIPPED_PREV_TIMEOUT,0.7958,1.0749843949917703,1.4114303588867188,,True,0.7866,4.089191164635122,1.2108840942382812,,True
115,115,115,41538374868278621028243970633760768,0.12219481247226105,7,7,,,,,False,SKIPPED_OOM,,,,,False,SKIPPED_PREV_TIMEOUT,0.7802,1.074379133200273,1.39788818359375,,True,0.7898000000000001,4.080463877459988,1.1962051391601562,,True
116,116,116,83076749736557242056487941267521536,0.12219481247226105,7,7,,,,,False,SKIPPED_OOM,,,,,False,SKIPPED_PREV_TIMEOUT,0.7992,1.0741148538887502,1.3976593017578125,,True,0.7906000000000001,4.101382169593125,1.1968536376953125,,True
117,117,117,166153499473114484112975882535043072,0.12219481247226105,7,7,,,,,False,SKIPPED_OOM,,,,,False,SKIPPED_PREV_TIMEOUT,0.7898000000000001,1.066355074988678,1.3925018310546875,,True,0.7956000000000001,4.069460746226833,1.1915664672851562,,True
118,118,118,332306998946228968225951765070086144,0.12219481247226105,7,7,,,,,False,SKIPPED_OOM,,,,,False,SKIPPED_PREV_TIMEOUT,0.7924,1.0764355885330588,1.3856201171875,,True,0.8024000000000001,4.09077713326551,1.1845474243164062,,True
119,119,119,664613997892457936451903530140172288,0.12219481247226105,7,7,,,,,False,SKIPPED_OOM,,,,,False,SKIPPED_PREV_TIMEOUT,0.7888,1.0800212325993925,1.3768234252929688,,True,0.7958000000000001,4.07902870583348,1.1756134033203125,,True
120,120,120,1329227995784915872903807060280344576,0.12219481247226105,7,7,,,,,False,SKIPPED_OOM,,,,,False,SKIPPED_PREV_TIMEOUT,0.7896,1.0712050397880375,1.367767333984375,,True,0.7854,4.073445524740964,1.1664276123046875,,True
121,121,121,2658455991569831745807614120560689152,0.12219481247226105,7,7,,,,,False,SKIPPED_OOM,,,,,False,SKIPPED_PREV_TIMEOUT,0.7942,1.0744748538825661,1.3589401245117188,,True,0.8078,4.064705154160038,1.157470703125,,True
122,122,122,5316911983139663491615228241121378304,0.12219481247226105,7,7,,,,,False,SKIPPED_OOM,,,,,False,SKIPPED_PREV_TIMEOUT,0.8074000000000001,1.0727455855347217,1.3520736694335938,,True,0.7928,4.07345261964947,1.1504745483398438,,True
123,123,123,10633823966279326983230456482242756608,0.12219481247226105,7,7,,,,,False,SKIPPED_OOM,,,,,False,SKIPPED_PREV_TIMEOUT,0.799,1.0678787287324667,1.3432464599609375,,True,0.7944000000000001,4.073753446806222,1.1415176391601562,,True
124,124,124,21267647932558653966460912964485513216,0.12219481247226105,7,7,,,,,False,SKIPPED_OOM,,,,,False,SKIPPED_PREV_TIMEOUT,0.7744,1.0687979088164865,1.3364181518554688,,True,0.784,4.092907486436888,1.1345443725585938,,True
125,125,125,42535295865117307932921825928971026432,0.12219481247226105,7,7,,,,,False,SKIPPED_OOM,,,,,False,SKIPPED_PREV_TIMEOUT,0.7929999999999999,1.0707861613947898,1.3295516967773438,,True,0.7980000000000002,4.080911497119814,1.1275482177734375,,True
126,126,126,85070591730234615865843651857942052864,0.12219481247226105,7,7,,,,,False,SKIPPED_OOM,,,,,False,SKIPPED_PREV_TIMEOUT,0.7842,1.0737412108108402,1.322662353515625,,True,0.7956000000000001,4.0703226996120065,1.1205291748046875,,True
127,127,127,170141183460469231731687303715884105728,0.12219481247226105,7,7,,,,,False,SKIPPED_OOM,,,,,False,SKIPPED_PREV_TIMEOUT,0.8032,1.0745450950227677,1.3159637451171875,,True,0.7846,4.062966361222789,1.1137008666992188,,True
128,128,128,340282366920938463463374607431768211456,0.12219481247226105,7,7,,,,,False,SKIPPED_OOM,,,,,False,SKIPPED_PREV_TIMEOUT,0.8061999999999999,1.0728010536637158,1.3090972900390625,,True,0.7986000000000001,4.107124178810045,1.1067047119140625,,True
129,129,129,680564733841876926926749214863536422912,0.12219481247226105,7,7,,,,,False,SKIPPED_OOM,,,,,False,SKIPPED_PREV_TIMEOUT,0.789,1.067825783416629,1.2974395751953125,,True,0.781,4.0760052384343,1.0949935913085938,,True
130,130,130,1361129467683753853853498429727072845824,0.12219481247226105,7,7,,,,,False,SKIPPED_OOM,,,,,False,SKIPPED_PREV_TIMEOUT,0.7888000000000001,1.0646865266840906,1.2906417846679688,,True,0.7872,4.081105347955599,1.0879974365234375,,True
131,131,131,2722258935367507707706996859454145691648,0.12219481247226105,7,7,,,,,False,SKIPPED_OOM,,,,,False,SKIPPED_PREV_TIMEOUT,0.7926,1.070866655977443,1.2837448120117188,,True,0.7952000000000001,4.055086973682046,1.0809783935546875,,True
132,132,132,5444517870735015415413993718908291383296,0.12219481247226105,7,7,,,,,False,SKIPPED_OOM,,,,,False,SKIPPED_PREV_TIMEOUT,0.7764,1.070861806999892,1.2768325805664062,,True,0.7884,4.062591968663037,1.0739822387695312,,True
133,133,133,10889035741470030830827987437816582766592,0.12219481247226105,7,7,,,,,False,SKIPPED_OOM,,,,,False,SKIPPED_PREV_TIMEOUT,0.7956000000000001,1.0716346117667854,1.2696990966796875,,True,0.7946000000000001,4.075899173598737,1.0667190551757812,,True
134,134,134,21778071482940061661655974875633165533184,0.12219481247226105,7,7,,,,,False,SKIPPED_OOM,,,,,False,SKIPPED_PREV_TIMEOUT,0.7807999999999999,1.060649624792859,1.2541046142578125,,True,0.7886,4.073769981740043,1.0510101318359375,,True
135,135,135,43556142965880123323311949751266331066368,0.12219481247226105,7,7,,,,,False,SKIPPED_OOM,,,,,False,SKIPPED_PREV_TIMEOUT,0.8016,1.0652322659734637,1.2472381591796875,,True,0.785,4.068065239395946,1.03619384765625,,True
136,136,136,87112285931760246646623899502532662132736,0.12219481247226105,7,7,,,,,False,SKIPPED_OOM,,,,,False,SKIPPED_PREV_TIMEOUT,0.8,1.0626486922148615,1.2382278442382812,,True,0.7886,4.088748463382944,1.0348052978515625,,True
137,137,137,174224571863520493293247799005065324265472,0.12219481247226105,7,7,,,,,False,SKIPPED_OOM,,,,,False,SKIPPED_PREV_TIMEOUT,0.79,1.0601415776647627,1.2255477905273438,,True,0.7996000000000001,4.041719712130726,1.022064208984375,,True
138,138,138,348449143727040986586495598010130648530944,0.12219481247226105,7,7,,,,,False,SKIPPED_OOM,,,,,False,SKIPPED_PREV_TIMEOUT,0.7976000000000001,1.0543395716696977,1.2187271118164062,,True,0.7952,4.050612389808521,1.015045166015625,,True
139,139,139,696898287454081973172991196020261297061888,0.12219481247226105,7,7,,,,,False,SKIPPED_OOM,,,,,False,SKIPPED_PREV_TIMEOUT,0.7968000000000001,1.0551277824211867,1.2120590209960938,,True,0.7857999999999999,4.058202189067378,1.00830078125,,True
140,140,140,1393796574908163946345982392040522594123776,0.12219481247226105,7,7,,,,,False,SKIPPED_OOM,,,,,False,SKIPPED_PREV_TIMEOUT,0.7851999999999999,1.0632567960303276,1.2030029296875,,True,0.7811999999999999,4.055997321149334,0.999176025390625,,True
141,141,141,2787593149816327892691964784081045188247552,0.12219481247226105,7,7,,,,,False,SKIPPED_OOM,,,,,False,SKIPPED_PREV_TIMEOUT,0.7832,1.0587557731661945,1.196136474609375,,True,0.7966000000000001,4.030625214334577,0.9921188354492188,,True
142,142,142,5575186299632655785383929568162090376495104,0.12219481247226105,7,7,,,,,False,SKIPPED_OOM,,,,,False,SKIPPED_PREV_TIMEOUT,0.791,1.060548253217712,1.1893386840820312,,True,0.8016,4.057679667789489,0.9851226806640625,,True
143,143,143,11150372599265311570767859136324180752990208,0.12219481247226105,7,7,,,,,False,SKIPPED_OOM,,,,,False,SKIPPED_PREV_TIMEOUT,0.8009999999999999,1.061733272811398,1.1824722290039062,,True,0.794,4.044185865763575,0.9781265258789062,,True
144,144,144,22300745198530623141535718272648361505980416,0.12219481247226105,7,7,,,,,False,SKIPPED_OOM,,,,,False,SKIPPED_PREV_TIMEOUT,0.7794000000000001,1.0654147705994546,1.1756668090820312,,True,0.787,4.0497010928113015,0.97113037109375,,True
145,145,145,44601490397061246283071436545296723011960832,0.12219481247226105,7,7,,,,,False,SKIPPED_OOM,,,,,False,SKIPPED_PREV_TIMEOUT,0.7862,1.0631046648137272,1.1706466674804688,,True,0.7862,4.069975775806233,0.9661407470703125,,True
146,146,146,89202980794122492566142873090593446023921664,0.12219481247226105,7,7,,,,,False,SKIPPED_OOM,,,,,False,SKIPPED_PREV_TIMEOUT,0.8008000000000001,1.0599517848342657,1.16192626953125,,True,0.8028000000000001,4.054965174058452,0.9571609497070312,,True
147,147,147,178405961588244985132285746181186892047843328,0.12219481247226105,7,7,,,,,False,SKIPPED_OOM,,,,,False,SKIPPED_PREV_TIMEOUT,0.7820000000000001,1.0637031029444188,1.1528701782226562,,True,0.8046,4.065000128513202,0.9479751586914062,,True
148,148,148,356811923176489970264571492362373784095686656,0.12219481247226105,7,7,,,,,False,SKIPPED_OOM,,,,,False,SKIPPED_PREV_TIMEOUT,0.788,1.0566249569877981,1.1460037231445312,,True,0.7952,4.053598487516865,0.94097900390625,,True
149,149,149,713623846352979940529142984724747568191373312,0.12219481247226105,7,7,,,,,False,SKIPPED_OOM,,,,,False,SKIPPED_PREV_TIMEOUT,0.8039999999999999,1.0576433860231191,1.1375732421875,,True,0.8016,4.047478608135134,0.93243408203125,,True
150,150,150,1427247692705959881058285969449495136382746624,0.12219481247226105,7,7,,,,,False,SKIPPED_OOM,,,,,False,SKIPPED_PREV_TIMEOUT,0.781,1.0589062212500722,1.1307525634765625,,True,0.7946000000000001,4.052197767980397,0.9254913330078125,,True
