Network,N_Nodes,Target_Bucket,H_Ratio,N_Hidden,Target_Node,Target_Value,Status,Wall_Hits,Attempts_OK,SDP_Failures,Exact_SDP,Exact_Time_sec,Exact_Mem_MB_Python,Exact_Mem_MB_RSS,Max_Partition_Size,Max_Tensor_Size,MCMC_Mean_SDP,MCMC_Variance,MCMC_Avg_Time_sec,MCMC_Mem_MB_Python,MCMC_Mem_MB_RSS,Absolute_Error
child,20,0.3,0.25,4,Sick,no,OK,0,81,0,0.30344827586206896,0.002875089645385742,0.09158706665039062,0.0,2.0,5.0,0.307,4.080000000000008e-05,0.8403503656387329,1.0747880935668945,5.25,0.003551724137931034
child,20,0.5,0.25,4,Sick,no,OK,0,81,0,0.5313131313131314,0.0038154125213623047,0.09343814849853516,0.0,1.0,5.0,0.5358,0.0001009600000000002,0.842477560043335,1.0664253234863281,4.6875,0.00448686868686865
child,20,0.7,0.25,4,Sick,no,OK,0,81,0,0.7096575662834496,0.003953456878662109,0.09806156158447266,0.0,2.0,6.0,0.7082999999999999,0.0002012099999999999,0.9897056341171264,1.076584815979004,5.1875,0.0013575662834496294
child,20,0.9,0.25,4,Sick,no,OK,0,81,0,0.8890772401352465,0.004575967788696289,0.1076202392578125,0.0,3.0,72.0,0.8846,6.524000000000013e-05,1.1348514080047607,1.0677242279052734,4.9375,0.004477240135246419
child,20,1.0,0.25,4,Sick,no,OK,0,81,0,1.0,0.00353240966796875,0.0911111831665039,0.0,2.0,6.0,1.0,0.0,0.8771370649337769,1.0724573135375977,4.9375,0.0
child,20,0.3,0.5,9,Sick,no,BUCKET_NOT_FOUND,0,348,0,,,,,,,,,,,,
child,20,0.5,0.5,9,Sick,no,OK,0,348,0,0.47840156946460954,0.00412297248840332,0.14919376373291016,0.0,6.0,648.0,0.47830000000000006,0.0004728099999999999,0.9762731790542603,1.0751428604125977,4.6875,0.00010156946460948557
child,20,0.7,0.5,9,Sick,no,OK,0,348,0,0.7461625099146652,0.026923418045043945,8.068748474121094,12.3125,9.0,58320.0,0.7515,0.00044445000000000086,1.049568200111389,1.0816707611083984,4.9375,0.005337490085334795
child,20,0.9,0.5,9,Sick,no,OK,0,348,0,0.9200261095003659,0.0050542354583740234,0.3543510437011719,0.0,7.0,2160.0,0.9244,6.44399999999995e-05,0.9460702657699585,1.0690727233886719,4.4375,0.004373890499634103
child,20,1.0,0.5,9,Sick,no,OK,0,348,0,1.0,0.004087209701538086,0.10649967193603516,0.0,4.0,144.0,1.0,0.0,0.9605761528015136,1.0828542709350586,4.9375,0.0
child,20,0.3,0.75,14,Sick,no,BUCKET_NOT_FOUND,0,399,0,,,,,,,,,,,,
child,20,0.5,0.75,14,Sick,no,OK,0,399,0,0.46254824159809055,0.0311279296875,8.596832275390625,12.3125,11.0,62208.0,0.4645999999999999,0.0003108399999999997,0.9461461544036865,1.076272964477539,4.8125,0.0020517584019093538
child,20,0.7,0.75,14,Sick,no,OK,0,399,0,0.6867739882339231,0.10504913330078125,16.071144104003906,16.4375,11.0,116640.0,0.6817,0.001298609999999999,0.9333884716033936,1.0893611907958984,4.4375,0.005073988233923132
child,20,0.9,0.75,14,Sick,no,OK,0,399,0,0.8949561216637837,0.06588530540466309,7.172874450683594,0.0,10.0,51840.0,0.9,0.00010020000000000019,0.9254465818405151,1.0759897232055664,4.5625,0.005043878336216334
child,20,1.0,0.75,14,Sick,no,OK,0,399,0,0.9910575405934433,0.9483532905578613,480.59902572631836,1446.125,13.0,3499200.0,0.9913000000000001,1.0010000000000018e-05,1.0017614841461182,1.0845146179199219,4.5625,0.0002424594065567609
child,20,0.3,0.9,17,Sick,no,BUCKET_NOT_FOUND,336,140,0,,,,,,,,,,,,
child,20,0.5,0.9,17,Sick,no,OK,336,140,0,0.45464495791090653,1.1786575317382812,240.31290817260742,715.9375,13.0,1749600.0,0.454,0.002753200000000002,0.9164754629135132,1.085230827331543,4.6875,0.0006449579109065184
child,20,0.7,0.9,17,Sick,no,OK,336,140,0,0.7401672874619037,1.7813246250152588,922.6959571838379,2715.8125,16.0,6718464.0,0.7376999999999999,0.0011004100000000005,0.9836232185363769,1.0790138244628906,4.1875,0.002467287461903833
child,20,0.9,0.9,17,Sick,no,OK,336,140,0,0.8727366199405683,1.7736313343048096,922.6923332214355,2732.4375,16.0,6718464.0,0.8655000000000002,0.0003192500000000005,0.9807405233383178,1.0775108337402344,4.1875,0.007236619940568123
child,20,1.0,0.9,17,Sick,no,OK,336,140,0,0.9815621850090435,0.9550352096557617,240.3164405822754,715.0,13.0,1749600.0,0.9832999999999998,1.8410000000000032e-05,0.9196963787078858,1.0647287368774414,4.6875,0.0017378149909563767
insurance,27,0.3,0.25,6,Theft,False,BUCKET_NOT_FOUND,0,496,0,,,,,,,,,,,,
insurance,27,0.5,0.25,6,Theft,False,BUCKET_NOT_FOUND,0,496,0,,,,,,,,,,,,
insurance,27,0.7,0.25,6,Theft,False,BUCKET_NOT_FOUND,0,496,0,,,,,,,,,,,,
insurance,27,0.9,0.25,6,Theft,False,BUCKET_NOT_FOUND,0,496,0,,,,,,,,,,,,
insurance,27,1.0,0.25,6,Theft,False,OK,0,496,0,1.0,0.006371498107910156,0.1805582046508789,0.0,5.0,640.0,1.0,0.0,6.221094918251038,1.305419921875,4.9375,0.0
insurance,27,0.3,0.5,13,Theft,False,BUCKET_NOT_FOUND,9,483,0,,,,,,,,,,,,
insurance,27,0.5,0.5,13,Theft,False,BUCKET_NOT_FOUND,9,483,0,,,,,,,,,,,,
insurance,27,0.7,0.5,13,Theft,False,BUCKET_NOT_FOUND,9,483,0,,,,,,,,,,,,
insurance,27,0.9,0.5,13,Theft,False,OK,9,483,0,0.8803267166841877,0.012561321258544922,8.515861511230469,0.0,10.0,61440.0,0.9212,0.0028967599999999995,4.675405359268188,1.3183097839355469,4.1875,0.0408732833158123
insurance,27,1.0,0.5,13,Theft,False,OK,9,483,0,0.9998712640529064,0.2372584342956543,337.5742530822754,956.1875,12.0,2457600.0,0.8,0.16,7.013193154335022,1.3174114227294922,4.4375,0.19987126405290634
insurance,27,0.3,0.75,19,Theft,False,BUCKET_NOT_FOUND,494,6,0,,,,,,,,,,,,
insurance,27,0.5,0.75,19,Theft,False,BUCKET_NOT_FOUND,494,6,0,,,,,,,,,,,,
insurance,27,0.7,0.75,19,Theft,False,BUCKET_NOT_FOUND,494,6,0,,,,,,,,,,,,
insurance,27,0.9,0.75,19,Theft,False,BUCKET_NOT_FOUND,494,6,0,,,,,,,,,,,,
insurance,27,1.0,0.75,19,Theft,False,OK,494,6,0,1.0,0.8216509819030762,1822.5726432800293,5426.5625,16.0,13271040.0,1.0,0.0,1.1981472969055176,1.1531152725219727,0.0,0.0
insurance,27,0.3,0.9,23,Theft,False,SDP_INTRACTABLE_MCMC_ONLY,500,0,0,,,,,,,1.0,0.0,223.46573038101195,1.4473342895507812,4.75,
insurance,27,0.5,0.9,23,Theft,False,SDP_INTRACTABLE_MCMC_ONLY,500,0,0,,,,,,,1.0,0.0,223.46573038101195,1.4473342895507812,4.75,
insurance,27,0.7,0.9,23,Theft,False,SDP_INTRACTABLE_MCMC_ONLY,500,0,0,,,,,,,1.0,0.0,223.46573038101195,1.4473342895507812,4.75,
insurance,27,0.9,0.9,23,Theft,False,SDP_INTRACTABLE_MCMC_ONLY,500,0,0,,,,,,,1.0,0.0,223.46573038101195,1.4473342895507812,4.75,
insurance,27,1.0,0.9,23,Theft,False,SDP_INTRACTABLE_MCMC_ONLY,500,0,0,,,,,,,1.0,0.0,223.46573038101195,1.4473342895507812,4.75,
alarm,37,0.3,0.25,9,HYPOVOLEMIA,FALSE,OK,0,273,0,0.3422849619106123,0.006535768508911133,0.14420700073242188,0.0,3.0,18.0,0.3471,0.00013328999999999978,1.0864190340042115,1.1737136840820312,4.1875,0.004815038089387713
alarm,37,0.5,0.25,9,HYPOVOLEMIA,FALSE,OK,0,273,0,0.4501424501424502,0.00759124755859375,0.15654850006103516,0.0,5.0,384.0,0.4439,0.00047829000000000003,1.1232933759689332,1.172041893005371,4.1875,0.006242450142450173
alarm,37,0.7,0.25,9,HYPOVOLEMIA,FALSE,OK,0,273,0,0.656627107883609,0.007439374923706055,0.2546653747558594,0.0,6.0,1152.0,0.6445000000000001,0.002205650000000001,1.1977302789688111,1.176692008972168,4.4375,0.012127107883608934
alarm,37,0.9,0.25,9,HYPOVOLEMIA,FALSE,OK,0,273,0,0.8820539026740392,0.00690913200378418,0.14283180236816406,0.0,2.0,9.0,0.8858,0.00048816000000000083,1.081031370162964,1.1653318405151367,4.1875,0.003746097325960873
alarm,37,1.0,0.25,9,HYPOVOLEMIA,FALSE,OK,0,273,0,0.9999999999999999,0.0069599151611328125,0.1358642578125,0.0,3.0,27.0,1.0,0.0,1.1037154912948608,1.1724233627319336,4.5625,1.1102230246251565e-16
alarm,37,0.3,0.5,18,HYPOVOLEMIA,FALSE,OK,13,246,0,0.3497271416906851,0.006684064865112305,0.1893777847290039,0.0,7.0,648.0,0.3439,0.0003206899999999998,1.1108924865722656,1.170741081237793,4.25,0.0058271416906851
alarm,37,0.5,0.5,18,HYPOVOLEMIA,FALSE,OK,13,246,0,0.5409696840675907,0.008175134658813477,1.5674400329589844,0.0,9.0,10368.0,0.5479,0.0003124899999999999,1.1769731283187865,1.1707487106323242,4.1875,0.006930315932409337
alarm,37,0.7,0.5,18,HYPOVOLEMIA,FALSE,OK,13,246,0,0.7194896195095085,0.011763572692871094,12.895034790039062,28.8125,11.0,93312.0,0.6887,0.0027616100000000016,1.0904173612594605,1.1751937866210938,4.4375,0.030789619509508537
alarm,37,0.9,0.5,18,HYPOVOLEMIA,FALSE,OK,13,246,0,0.9096996350322889,0.0066225528717041016,0.1222543716430664,0.0,4.0,36.0,0.9119999999999999,0.00014480000000000027,3.8957412242889404,1.1727371215820312,4.4375,0.0023003649677110216
alarm,37,1.0,0.5,18,HYPOVOLEMIA,FALSE,OK,13,246,0,1.0,0.007407426834106445,1.6933708190917969,0.0,10.0,11664.0,1.0,0.0,1.0970311164855957,1.168959617614746,4.3125,0.0
alarm,37,0.3,0.75,27,HYPOVOLEMIA,FALSE,BUCKET_NOT_FOUND,392,84,0,,,,,,,,,,,,
alarm,37,0.5,0.75,27,HYPOVOLEMIA,FALSE,BUCKET_NOT_FOUND,392,84,0,,,,,,,,,,,,
alarm,37,0.7,0.75,27,HYPOVOLEMIA,FALSE,OK,392,84,0,0.6536356223235088,0.017376184463500977,30.576873779296875,57.4375,11.0,221184.0,0.6719999999999999,0.0059136000000000015,1.1104663133621215,1.1687393188476562,4.1875,0.018364377676491128
alarm,37,0.9,0.75,27,HYPOVOLEMIA,FALSE,OK,392,84,0,0.9495651362069017,0.19359135627746582,486.20615005493164,1455.0625,14.0,3538944.0,0.9522,0.0011899599999999995,1.132455539703369,1.1731033325195312,0.0,0.0026348637930982965
alarm,37,1.0,0.75,27,HYPOVOLEMIA,FALSE,OK,392,84,0,0.9868139599995709,0.016907930374145508,14.640419006347656,24.75,10.0,98304.0,0.9881,3.549000000000006e-05,1.0952317476272584,1.1707029342651367,8.25,0.0012860400004290895
alarm,37,0.3,0.9,32,HYPOVOLEMIA,FALSE,SDP_INTRACTABLE_MCMC_ONLY,499,0,0,,,,,,,0.8134,0.006892039999999998,1.6817821979522705,1.2241086959838867,8.0625,
alarm,37,0.5,0.9,32,HYPOVOLEMIA,FALSE,SDP_INTRACTABLE_MCMC_ONLY,499,0,0,,,,,,,0.8134,0.006892039999999998,1.6817821979522705,1.2241086959838867,8.0625,
alarm,37,0.7,0.9,32,HYPOVOLEMIA,FALSE,SDP_INTRACTABLE_MCMC_ONLY,499,0,0,,,,,,,0.8134,0.006892039999999998,1.6817821979522705,1.2241086959838867,8.0625,
alarm,37,0.9,0.9,32,HYPOVOLEMIA,FALSE,SDP_INTRACTABLE_MCMC_ONLY,499,0,0,,,,,,,0.8134,0.006892039999999998,1.6817821979522705,1.2241086959838867,8.0625,
alarm,37,1.0,0.9,32,HYPOVOLEMIA,FALSE,SDP_INTRACTABLE_MCMC_ONLY,499,0,0,,,,,,,0.8134,0.006892039999999998,1.6817821979522705,1.2241086959838867,8.0625,
barley,48,0.3,0.25,11,pesticid,x_2,BUCKET_NOT_FOUND,25,475,0,,,,,,,,,,,,
barley,48,0.5,0.25,11,pesticid,x_2,BUCKET_NOT_FOUND,25,475,0,,,,,,,,,,,,
barley,48,0.7,0.25,11,pesticid,x_2,BUCKET_NOT_FOUND,25,475,0,,,,,,,,,,,,
barley,48,0.9,0.25,11,pesticid,x_2,BUCKET_NOT_FOUND,25,475,0,,,,,,,,,,,,
barley,48,1.0,0.25,11,pesticid,x_2,OK,25,475,0,1.0,0.017752647399902344,14.956306457519531,20.3125,6.0,108000.0,1.0,0.0,1.4806034564971924,2.3176469802856445,4.1875,0.0
barley,48,0.3,0.5,23,pesticid,x_2,BUCKET_NOT_FOUND,483,17,0,,,,,,,,,,,,
barley,48,0.5,0.5,23,pesticid,x_2,BUCKET_NOT_FOUND,483,17,0,,,,,,,,,,,,
barley,48,0.7,0.5,23,pesticid,x_2,BUCKET_NOT_FOUND,483,17,0,,,,,,,,,,,,
barley,48,0.9,0.5,23,pesticid,x_2,BUCKET_NOT_FOUND,483,17,0,,,,,,,,,,,,
barley,48,1.0,0.5,23,pesticid,x_2,OK,483,17,0,1.0,0.16492009162902832,476.6164970397949,1426.1875,7.0,3361792.0,1.0,0.0,1.5609858751296997,2.328369140625,4.1875,0.0
barley,48,0.3,0.75,35,pesticid,x_2,SDP_INTRACTABLE_MCMC_ONLY,500,0,0,,,,,,,1.0,0.0,2.3965951204299927,2.616400718688965,4.4375,
barley,48,0.5,0.75,35,pesticid,x_2,SDP_INTRACTABLE_MCMC_ONLY,500,0,0,,,,,,,1.0,0.0,2.3965951204299927,2.616400718688965,4.4375,
barley,48,0.7,0.75,35,pesticid,x_2,SDP_INTRACTABLE_MCMC_ONLY,500,0,0,,,,,,,1.0,0.0,2.3965951204299927,2.616400718688965,4.4375,
barley,48,0.9,0.75,35,pesticid,x_2,SDP_INTRACTABLE_MCMC_ONLY,500,0,0,,,,,,,1.0,0.0,2.3965951204299927,2.616400718688965,4.4375,
barley,48,1.0,0.75,35,pesticid,x_2,SDP_INTRACTABLE_MCMC_ONLY,500,0,0,,,,,,,1.0,0.0,2.3965951204299927,2.616400718688965,4.4375,
barley,48,0.3,0.9,42,pesticid,x_2,SDP_INTRACTABLE_MCMC_ONLY,500,0,0,,,,,,,1.0,0.0,2.3912466049194334,2.6473865509033203,4.1875,
barley,48,0.5,0.9,42,pesticid,x_2,SDP_INTRACTABLE_MCMC_ONLY,500,0,0,,,,,,,1.0,0.0,2.3912466049194334,2.6473865509033203,4.1875,
barley,48,0.7,0.9,42,pesticid,x_2,SDP_INTRACTABLE_MCMC_ONLY,500,0,0,,,,,,,1.0,0.0,2.3912466049194334,2.6473865509033203,4.1875,
barley,48,0.9,0.9,42,pesticid,x_2,SDP_INTRACTABLE_MCMC_ONLY,500,0,0,,,,,,,1.0,0.0,2.3912466049194334,2.6473865509033203,4.1875,
barley,48,1.0,0.9,42,pesticid,x_2,SDP_INTRACTABLE_MCMC_ONLY,500,0,0,,,,,,,1.0,0.0,2.3912466049194334,2.6473865509033203,4.1875,
hailfinder,56,0.3,0.25,13,ScenRelAMCIN,CThruK,BUCKET_NOT_FOUND,0,500,0,,,,,,,,,,,,
hailfinder,56,0.5,0.25,13,ScenRelAMCIN,CThruK,BUCKET_NOT_FOUND,0,500,0,,,,,,,,,,,,
hailfinder,56,0.7,0.25,13,ScenRelAMCIN,CThruK,BUCKET_NOT_FOUND,0,500,0,,,,,,,,,,,,
hailfinder,56,0.9,0.25,13,ScenRelAMCIN,CThruK,BUCKET_NOT_FOUND,0,500,0,,,,,,,,,,,,
hailfinder,56,1.0,0.25,13,ScenRelAMCIN,CThruK,OK,0,500,0,1.0,0.013085126876831055,1.573542594909668,0.0,6.0,10395.0,1.0,0.0,4.719191169738769,1.350651741027832,4.3125,0.0
hailfinder,56,0.3,0.5,27,ScenRelAMCIN,CThruK,BUCKET_NOT_FOUND,224,273,0,,,,,,,,,,,,
hailfinder,56,0.5,0.5,27,ScenRelAMCIN,CThruK,BUCKET_NOT_FOUND,224,273,0,,,,,,,,,,,,
hailfinder,56,0.7,0.5,27,ScenRelAMCIN,CThruK,BUCKET_NOT_FOUND,224,273,0,,,,,,,,,,,,
hailfinder,56,0.9,0.5,27,ScenRelAMCIN,CThruK,BUCKET_NOT_FOUND,224,273,0,,,,,,,,,,,,
hailfinder,56,1.0,0.5,27,ScenRelAMCIN,CThruK,OK,224,273,0,1.0,0.011484861373901367,3.902984619140625,0.0,8.0,27648.0,1.0,0.0,10.441753172874451,1.5247135162353516,4.1875,0.0
hailfinder,56,0.3,0.75,41,ScenRelAMCIN,CThruK,SDP_INTRACTABLE_MCMC_ONLY,500,0,0,,,,,,,0.0,0.0,6.774503707885742,1.5737237930297852,4.1875,
hailfinder,56,0.5,0.75,41,ScenRelAMCIN,CThruK,SDP_INTRACTABLE_MCMC_ONLY,500,0,0,,,,,,,0.0,0.0,6.774503707885742,1.5737237930297852,4.1875,
hailfinder,56,0.7,0.75,41,ScenRelAMCIN,CThruK,SDP_INTRACTABLE_MCMC_ONLY,500,0,0,,,,,,,0.0,0.0,6.774503707885742,1.5737237930297852,4.1875,
hailfinder,56,0.9,0.75,41,ScenRelAMCIN,CThruK,SDP_INTRACTABLE_MCMC_ONLY,500,0,0,,,,,,,0.0,0.0,6.774503707885742,1.5737237930297852,4.1875,
hailfinder,56,1.0,0.75,41,ScenRelAMCIN,CThruK,SDP_INTRACTABLE_MCMC_ONLY,500,0,0,,,,,,,0.0,0.0,6.774503707885742,1.5737237930297852,4.1875,
hailfinder,56,0.3,0.9,49,ScenRelAMCIN,CThruK,SDP_INTRACTABLE_MCMC_ONLY,500,0,0,,,,,,,1.0,0.0,6.429951167106628,1.5755624771118164,4.1875,
hailfinder,56,0.5,0.9,49,ScenRelAMCIN,CThruK,SDP_INTRACTABLE_MCMC_ONLY,500,0,0,,,,,,,1.0,0.0,6.429951167106628,1.5755624771118164,4.1875,
hailfinder,56,0.7,0.9,49,ScenRelAMCIN,CThruK,SDP_INTRACTABLE_MCMC_ONLY,500,0,0,,,,,,,1.0,0.0,6.429951167106628,1.5755624771118164,4.1875,
hailfinder,56,0.9,0.9,49,ScenRelAMCIN,CThruK,SDP_INTRACTABLE_MCMC_ONLY,500,0,0,,,,,,,1.0,0.0,6.429951167106628,1.5755624771118164,4.1875,
hailfinder,56,1.0,0.9,49,ScenRelAMCIN,CThruK,SDP_INTRACTABLE_MCMC_ONLY,500,0,0,,,,,,,1.0,0.0,6.429951167106628,1.5755624771118164,4.1875,
hepar,70,0.3,0.25,17,hepatomegaly,absent,OK,0,28,0,0.2728524194690785,0.01407766342163086,0.2479114532470703,0.0,6.0,192.0,0.27199999999999996,0.00012760000000000007,2.1490167379379272,1.4551095962524414,4.1875,0.0008524194690785469
hepar,70,0.5,0.25,17,hepatomegaly,absent,OK,0,28,0,0.516377963560658,0.015630722045898438,0.2840242385864258,0.0,5.0,64.0,0.5245,0.0002346500000000004,2.2065609455108643,1.4520578384399414,4.3125,0.00812203643934195
hepar,70,0.7,0.25,17,hepatomegaly,absent,OK,0,28,0,0.7142179834603732,0.025355815887451172,2.0437088012695312,0.0,10.0,13824.0,0.7071999999999999,0.00022975999999999972,2.235850715637207,1.455190658569336,4.4375,0.0070179834603733005
hepar,70,0.9,0.25,17,hepatomegaly,absent,OK,0,28,0,0.8619767558313207,0.014555215835571289,0.24634361267089844,0.0,4.0,48.0,0.8595999999999998,4.064000000000007e-05,1.964525818824768,1.4539308547973633,4.1875,0.002376755831320909
hepar,70,1.0,0.25,17,hepatomegaly,absent,OK,0,28,0,1.0,0.016453027725219727,0.2793760299682617,0.0,4.0,48.0,1.0,0.0,2.1216371059417725,1.4474782943725586,4.1875,0.0
hepar,70,0.3,0.5,34,hepatomegaly,absent,BUCKET_NOT_FOUND,350,10,0,,,,,,,,,,,,
hepar,70,0.5,0.5,34,hepatomegaly,absent,OK,350,10,0,0.4667446244094941,1.5273711681365967,729.1214637756348,2022.8125,18.0,5308416.0,0.48979999999999996,0.0011689600000000006,2.1585247039794924,1.446528434753418,4.1875,0.023055375590505855
hepar,70,0.7,0.5,34,hepatomegaly,absent,OK,350,10,0,0.6682123009799132,1.4428937435150146,1296.1279487609863,2769.375,21.0,9437184.0,0.6723000000000001,0.0009886099999999994,2.2538498401641847,1.4409456253051758,4.1875,0.004087699020086877
hepar,70,0.9,0.5,34,hepatomegaly,absent,OK,350,10,0,0.9436419913004015,0.9794669151306152,648.1241569519043,886.8125,17.0,4718592.0,0.9445999999999998,4.34399999999997e-05,2.1545515775680544,1.446192741394043,4.1875,0.0009580086995982784
hepar,70,1.0,0.5,34,hepatomegaly,absent,BUCKET_NOT_FOUND,350,10,0,,,,,,,,,,,,
hepar,70,0.3,0.75,51,hepatomegaly,absent,SDP_INTRACTABLE_MCMC_ONLY,499,0,0,,,,,,,0.0086,1.1839999999999998e-05,3.0565145015716553,1.5279083251953125,4.1875,
hepar,70,0.5,0.75,51,hepatomegaly,absent,SDP_INTRACTABLE_MCMC_ONLY,499,0,0,,,,,,,0.0086,1.1839999999999998e-05,3.0565145015716553,1.5279083251953125,4.1875,
hepar,70,0.7,0.75,51,hepatomegaly,absent,SDP_INTRACTABLE_MCMC_ONLY,499,0,0,,,,,,,0.0086,1.1839999999999998e-05,3.0565145015716553,1.5279083251953125,4.1875,
hepar,70,0.9,0.75,51,hepatomegaly,absent,SDP_INTRACTABLE_MCMC_ONLY,499,0,0,,,,,,,0.0086,1.1839999999999998e-05,3.0565145015716553,1.5279083251953125,4.1875,
hepar,70,1.0,0.75,51,hepatomegaly,absent,SDP_INTRACTABLE_MCMC_ONLY,499,0,0,,,,,,,0.0086,1.1839999999999998e-05,3.0565145015716553,1.5279083251953125,4.1875,
hepar,70,0.3,0.9,62,hepatomegaly,absent,SDP_INTRACTABLE_MCMC_ONLY,500,0,0,,,,,,,0.017600000000000005,1.3640000000000002e-05,2.888889741897583,1.507206916809082,4.1875,
hepar,70,0.5,0.9,62,hepatomegaly,absent,SDP_INTRACTABLE_MCMC_ONLY,500,0,0,,,,,,,0.017600000000000005,1.3640000000000002e-05,2.888889741897583,1.507206916809082,4.1875,
hepar,70,0.7,0.9,62,hepatomegaly,absent,SDP_INTRACTABLE_MCMC_ONLY,500,0,0,,,,,,,0.017600000000000005,1.3640000000000002e-05,2.888889741897583,1.507206916809082,4.1875,
hepar,70,0.9,0.9,62,hepatomegaly,absent,SDP_INTRACTABLE_MCMC_ONLY,500,0,0,,,,,,,0.017600000000000005,1.3640000000000002e-05,2.888889741897583,1.507206916809082,4.1875,
hepar,70,1.0,0.9,62,hepatomegaly,absent,SDP_INTRACTABLE_MCMC_ONLY,500,0,0,,,,,,,0.017600000000000005,1.3640000000000002e-05,2.888889741897583,1.507206916809082,4.1875,
win95pts,76,0.3,0.25,18,PrtMem,Less_than_2Mb,BUCKET_NOT_FOUND,0,500,0,,,,,,,,,,,,
win95pts,76,0.5,0.25,18,PrtMem,Less_than_2Mb,OK,0,500,0,0.5344725244098552,0.01739335060119629,0.3159465789794922,0.0,7.0,128.0,1.0,0.0,11.816202521324158,1.6375970840454102,4.1875,0.46552747559014485
win95pts,76,0.7,0.25,18,PrtMem,Less_than_2Mb,BUCKET_NOT_FOUND,0,500,0,,,,,,,,,,,,
win95pts,76,0.9,0.25,18,PrtMem,Less_than_2Mb,BUCKET_NOT_FOUND,0,500,0,,,,,,,,,,,,
win95pts,76,1.0,0.25,18,PrtMem,Less_than_2Mb,OK,0,500,0,1.0,0.016412734985351562,0.2795372009277344,0.0,3.0,8.0,1.0,0.0,12.298340153694152,1.6263532638549805,4.4375,0.0
win95pts,76,0.3,0.5,37,PrtMem,Less_than_2Mb,BUCKET_NOT_FOUND,121,347,0,,,,,,,,,,,,
win95pts,76,0.5,0.5,37,PrtMem,Less_than_2Mb,OK,121,347,0,0.5025184921660599,0.0715494155883789,1.2996091842651367,0.0,13.0,8192.0,0.9,0.09000000000000001,12.328346633911133,1.6211013793945312,4.1875,0.3974815078339401
win95pts,76,0.7,0.5,37,PrtMem,Less_than_2Mb,OK,121,347,0,0.6967988432072635,0.06529474258422852,18.141738891601562,0.0,17.0,131072.0,0.7,0.21000000000000002,12.073628783226013,1.621652603149414,4.1875,0.0032011567927364704
win95pts,76,0.9,0.5,37,PrtMem,Less_than_2Mb,OK,121,347,0,0.9496315379591155,0.6592822074890137,36.13690948486328,37.0625,18.0,262144.0,1.0,0.0,11.654247188568116,1.6388816833496094,4.1875,0.05036846204088452
win95pts,76,1.0,0.5,37,PrtMem,Less_than_2Mb,OK,121,347,0,0.9862260091629298,0.508577823638916,576.1456336975098,1631.8125,22.0,4194304.0,1.0,0.0,11.518086791038513,1.638758659362793,4.1875,0.013773990837070205
