threshold,threshold_distance,number_subnetworks,n_hidden,max_partition_size,max_partition_tensor_size,exact_time_sec,exact_peak_memory_mb,exact_success,mcmc_avg_time_sec,mcmc_peak_memory_mb,mcmc_avg_estimate,mcmc_success,pt_avg_time_sec,pt_peak_memory_mb,pt_avg_estimate,pt_success,exact_peak_rss_mb,exact_sdp_result,exact_time_sec_original,exact_peak_memory_mb_original,exact_peak_rss_mb_original,exact_success_original,exact_sdp_result_original,mcmc_error,pt_error
0.5,0.23403459712859154,34,100,15,32768,0.06348527502268553,5.43977165222168,True,1.0860861683730036,1.346771240234375,1.0,True,4.161554971663281,1.143641471862793,1.0,True,0.0,1.0,0.5320416949689388,7.815906524658203,7.9375,True,1.0,0.0,0.0
0.6,0.3340345971285915,34,100,15,32768,0.08195659285411239,5.435882568359375,True,1.091195941809565,1.346832275390625,1.0,True,4.169991164980456,1.1435775756835938,1.0,True,0.0,1.0,0.5299789540003985,7.815832138061523,2.5625,True,1.0,0.0,0.0
0.7,0.4340345971285915,34,100,15,32768,0.08253413112834096,5.435890197753906,True,1.0909655951429158,1.346832275390625,1.0,True,4.175601760018617,1.1435775756835938,1.0,True,0.0,1.0,0.5275243900250643,7.816468238830566,1.0625,True,1.0,0.0,0.0
0.8,0.5340345971285916,34,100,15,32768,0.08289638999849558,5.435890197753906,True,1.0861153872217983,1.346832275390625,1.0,True,4.18319589602761,1.143585205078125,1.0,True,0.0,1.0,0.529748308006674,7.816410064697266,0.3125,True,1.0,0.0,0.0
0.9,0.6340345971285916,34,100,15,32768,0.06073500798083842,5.435890197753906,True,1.0942013169638813,1.346832275390625,1.0,True,4.166428091889247,1.1435775756835938,1.0,True,0.0,1.0,0.5312731750309467,7.816783905029297,0.0625,True,1.0,0.0,0.0
0.5,0.16009655445182552,40,100,12,4096,0.08153033698908985,1.5303955078125,True,1.0682026918046177,1.3433303833007812,0.843,True,4.040038349619135,1.1402130126953125,0.8353999999999999,True,0.0,0.8474916820311905,1.159623826155439,9.306554794311523,0.75,True,0.8474916820311904,0.004491682031190547,0.012091682031190598
0.6,0.2600965544518255,40,100,12,4096,0.0791150969453156,1.5304031372070312,True,1.0633361656218767,1.3433914184570312,1.0,True,4.044636707985774,1.1402816772460938,1.0,True,0.0,1.0,0.5621070410124958,9.306554794311523,0.0,True,1.0,0.0,0.0
0.7,0.3600965544518255,40,100,12,4096,0.07966976496390998,1.53033447265625,True,1.0683640765957534,1.3433990478515625,1.0,True,4.048803096357733,1.1402740478515625,1.0,True,0.0,1.0,0.5608271509408951,9.306554794311523,0.0,True,1.0,0.0,0.0
0.8,0.46009655445182557,40,100,12,4096,0.05969949788413942,1.5304031372070312,True,1.0581789451651276,1.3433914184570312,1.0,True,4.062492285296321,1.1402816772460938,1.0,True,0.0,1.0,0.5637219350319356,9.306554794311523,0.0,True,1.0,0.0,0.0
0.9,0.5600965544518255,40,100,12,4096,0.08037486486136913,1.53033447265625,True,1.0628194583579897,1.3433914184570312,1.0,True,4.053583493782208,1.1402816772460938,1.0,True,0.0,1.0,0.5635678928811103,9.306554794311523,0.0,True,1.0,0.0,0.0
0.5,9.609821998313173e-05,33,100,18,262144,0.2232109159231186,37.18000793457031,True,1.1172319113276898,1.4320755004882812,0.45760000000000006,True,4.2719894835725425,1.2286224365234375,0.4486,True,89.0625,0.4521976546992539,118.04219868197106,7.097018241882324,0.0,True,0.45219765469925377,0.005402345300746181,0.0035976546992538827
0.6,0.10009609821998311,33,100,18,262144,0.2301081579644233,37.17993927001953,True,1.117200898239389,1.4320755004882812,0.8331999999999999,True,4.269898112025112,1.2286739349365234,0.818,True,70.0625,0.8198792118286766,118.28228279203176,7.0970869064331055,0.0,True,0.8198792118286767,0.013320788171323317,0.0018792118286766746
0.7,0.2000960982199831,33,100,18,262144,0.22477350500412285,37.17994689941406,True,1.118712807400152,1.4320755004882812,0.9006000000000001,True,4.259085523104295,1.2286911010742188,0.8968,True,70.0625,0.8963735134034166,118.13788352790289,7.0970869064331055,0.0,True,0.8963735134034166,0.004226486596583423,0.0004264865965833975
0.8,0.3000960982199832,33,100,18,262144,0.07714729802682996,37.17994689941406,True,1.1247548945713788,1.4320755004882812,1.0,True,4.284783141640946,1.2286834716796875,1.0,True,49.4375,1.0,0.5312134958803654,7.0970869064331055,0.0,True,1.0,0.0,0.0
0.9,0.40009609821998315,33,100,18,262144,0.0972392619587481,37.17994689941406,True,1.119898305181414,1.4320755004882812,1.0,True,4.273417492024601,1.2287263870239258,1.0,True,49.4375,1.0,0.5325520699843764,7.0970869064331055,0.0,True,1.0,0.0,0.0
0.5,0.15625554352438314,33,100,11,2048,0.07723177503794432,1.1295700073242188,True,1.083351229596883,1.3343276977539062,0.9086000000000001,True,4.131256232829765,1.1311264038085938,0.9242000000000001,True,0.0,0.9133878224364448,0.6354709940496832,7.647521018981934,0.0,True,0.9133878224364446,0.004787822436444711,0.010812177563555347
0.6,0.2562555435243831,33,100,11,2048,0.07694129017181695,1.1295700073242188,True,1.082753779599443,1.3343276977539062,1.0,True,4.129385307012126,1.1311264038085938,1.0,True,0.0,1.0,0.467344107106328,7.647521018981934,0.0,True,1.0,0.0,0.0
0.7,0.3562555435243831,33,100,11,2048,0.07656184700317681,1.1295700073242188,True,1.0779856351669879,1.3342666625976562,1.0,True,4.1338858450297264,1.1311264038085938,1.0,True,0.0,1.0,0.4686191000510007,7.647521018981934,0.0,True,1.0,0.0,0.0
0.8,0.4562555435243832,33,100,11,2048,0.05594558408483863,1.1296310424804688,True,1.083744417829439,1.3343276977539062,1.0,True,4.125701728463173,1.1311264038085938,1.0,True,0.0,1.0,0.4651717080269009,7.647521018981934,0.0,True,1.0,0.0,0.0
0.9,0.5562555435243832,33,100,11,2048,0.07706403685733676,1.1295700073242188,True,1.0796633660327644,1.3342666625976562,1.0,True,4.146672544581816,1.1311264038085938,1.0,True,0.0,1.0,0.46592540200799704,7.647521018981934,0.0,True,1.0,0.0,0.0
0.5,0.05553916628866584,49,100,11,2048,0.08086204109713435,1.13690185546875,True,1.046937469439581,1.341522216796875,0.7375999999999999,True,4.006575300777331,1.138458251953125,0.7372,True,0.0,0.7403956885567506,0.7492853470612317,11.754084587097168,4.0625,True,0.7403956885567506,0.0027956885567507195,0.0031956885567506754
0.6,0.044460833711334136,49,100,11,2048,0.08133731898851693,1.13690185546875,True,1.0538203897885978,1.3415298461914062,0.7258,True,4.001048119179904,1.1384506225585938,0.724,True,0.0,0.7212530496295967,0.7359169451519847,11.75415325164795,0.0,True,0.7212530496295967,0.004546950370403313,0.0027469503704032894
0.7,0.1444608337113341,49,100,11,2048,0.0783932670019567,1.13690185546875,True,1.0488816727884114,1.341461181640625,0.845,True,3.994726254371926,1.138458251953125,0.8436,True,0.0,0.8450310957692322,0.7658216969575733,11.75415325164795,0.0,True,0.8450310957692322,3.1095769232214465e-05,0.0014310957692321713
0.8,0.2444608337113342,49,100,11,2048,0.07972758891992271,1.13690185546875,True,1.0519738428294658,1.341461181640625,1.0,True,3.989972523925826,1.1384506225585938,1.0,True,0.0,1.0,0.7080510519444942,11.75415325164795,0.0,True,1.0,0.0,0.0
0.9,0.3444608337113342,49,100,11,2048,0.07947377394884825,1.13690185546875,True,1.050833827164024,1.341522216796875,1.0,True,3.995524153392762,1.138519287109375,1.0,True,0.0,1.0,0.6985460270661861,11.75415325164795,0.0,True,1.0,0.0,0.0
0.5,0.14660999174753947,44,100,9,512,0.07696356414817274,1.0978164672851562,True,1.0721346744336189,1.3024673461914062,1.0,True,4.0999600949697195,1.0993728637695312,1.0,True,0.0,1.0,0.6224733430426568,10.020024299621582,0.0,True,1.0,0.0,0.0
0.6,0.24660999174753945,44,100,9,512,0.07717333687469363,1.0978164672851562,True,1.0744124419987202,1.3024673461914062,1.0,True,4.0956181264016776,1.09930419921875,1.0,True,0.0,1.0,0.617000819882378,10.020024299621582,0.0,True,1.0,0.0,0.0
0.7,0.3466099917475394,44,100,9,512,0.07779774186201394,1.0978164672851562,True,1.07505360734649,1.3025283813476562,1.0,True,4.0952593154739585,1.1104650497436523,1.0,True,0.0,1.0,0.6239738420117646,10.020024299621582,0.0,True,1.0,0.0,0.0
0.8,0.4466099917475395,44,100,9,512,0.07731858501210809,1.097747802734375,True,1.070453613391146,1.3025283813476562,1.0,True,4.102728462824598,1.0993728637695312,1.0,True,0.0,1.0,0.6250887920614332,10.020024299621582,0.0,True,1.0,0.0,0.0
0.9,0.5466099917475395,44,100,9,512,0.07817218592390418,1.0978164672851562,True,1.0678853491321205,1.3025283813476562,1.0,True,4.098618701007217,1.0993728637695312,1.0,True,0.0,1.0,0.6218356960453093,10.020024299621582,0.0,True,1.0,0.0,0.0
0.5,0.011774296563997366,36,100,21,2097152,0.17845110385678709,288.7480926513672,True,1.0864215929526835,1.3354873657226562,0.6372,True,4.1677713241893795,1.132232666015625,0.6426000000000001,True,826.125,0.6374319947936234,0.6436663009226322,8.184459686279297,0.0,True,0.6374319947936237,0.00023199479362345787,0.0051680052063766135
0.6,0.11177429656399734,36,100,21,2097152,0.17883132002316415,288.74816131591797,True,1.0867123463656754,1.3354873657226562,1.0,True,4.16498493743129,1.1322402954101562,1.0,True,825.625,1.0,0.5252286151517183,8.184459686279297,0.0,True,1.0,0.0,0.0
0.7,0.21177429656399732,36,100,21,2097152,0.17802977515384555,288.74816131591797,True,1.092909799842164,1.3354263305664062,1.0,True,4.178471033880487,1.132232666015625,1.0,True,825.125,1.0,0.5281004889402539,8.184459686279297,0.0,True,1.0,0.0,0.0
0.8,0.3117742965639974,36,100,21,2097152,0.17753548710606992,288.74815368652344,True,1.088250278821215,1.3354263305664062,1.0,True,4.17070259777829,1.1322402954101562,1.0,True,824.625,1.0,0.5274081560783088,8.184459686279297,0.0,True,1.0,0.0,0.0
0.9,0.4117742965639974,36,100,21,2097152,0.173775730188936,288.74816131591797,True,1.0952624067664147,1.3354263305664062,1.0,True,4.158675167663023,1.1322402954101562,1.0,True,824.125,1.0,0.5010552660096437,8.184459686279297,0.0,True,1.0,0.0,0.0
0.5,0.10316379649016472,45,100,10,1024,0.08064931188710034,1.13739013671875,True,1.0774295481853187,1.3421478271484375,0.6927999999999999,True,4.133724270062521,1.139007568359375,0.6925999999999999,True,0.0,0.7061068322258087,0.9732830820139498,10.028002738952637,0.0,True,0.7061068322258078,0.013306832225808862,0.01350683222580884
0.6,0.2031637964901647,45,100,10,1024,0.08028234983794391,1.13739013671875,True,1.0804545963648706,1.3420867919921875,0.9242000000000001,True,4.124923939211294,1.138946533203125,0.9268000000000001,True,0.0,0.9235218335461791,0.7978072890546173,10.027934074401855,0.0,True,0.9235218335461785,0.0006781664538210164,0.003278166453820952
0.7,0.30316379649016467,45,100,10,1024,0.07956759096123278,1.1373825073242188,True,1.0862959926016629,1.3421478271484375,0.9628,True,4.141041142633185,1.1389389038085938,0.958,True,0.0,0.9601563877417749,0.8005961130838841,10.028002738952637,0.0,True,0.9601563877417743,0.00264361225822507,0.0021563877417749566
0.8,0.40316379649016476,45,100,10,1024,0.07094870996661484,1.13739013671875,True,1.0760875530075282,1.3420867919921875,1.0,True,4.137983805779368,1.138946533203125,1.0,True,0.0,1.0,0.6461345951538533,10.028002738952637,0.0,True,1.0,0.0,0.0
0.9,0.5031637964901647,45,100,10,1024,0.07829848700203001,1.13739013671875,True,1.0828892409801483,1.3421478271484375,1.0,True,4.125835760869085,1.138946533203125,1.0,True,0.0,1.0,0.6438720549922436,10.028002738952637,0.0,True,1.0,0.0,0.0
0.5,0.21003397791725564,37,100,18,262144,0.08908288995735347,36.747344970703125,True,1.0732229324057698,1.3471145629882812,1.0,True,4.121129072830081,1.1439285278320312,1.0,True,61.8125,1.0,0.5284419772215188,8.538232803344727,0.0,True,1.0,0.0,0.0
0.6,0.3100339779172556,37,100,18,262144,0.08904974302276969,36.747344970703125,True,1.0762120254337788,1.3470535278320312,1.0,True,4.122174224629998,1.1439285278320312,1.0,True,53.5625,1.0,0.528676139889285,8.538232803344727,0.0,True,1.0,0.0,0.0
0.7,0.4100339779172556,37,100,18,262144,0.09125551697798073,36.747344970703125,True,1.0760367260314525,1.3470535278320312,1.0,True,4.108750950358808,1.1439285278320312,1.0,True,53.5625,1.0,0.5280263070017099,8.538164138793945,0.0,True,1.0,0.0,0.0
0.8,0.5100339779172557,37,100,18,262144,0.08978878613561392,36.747337341308594,True,1.0823327153921127,1.3471145629882812,1.0,True,4.11100864619948,1.1439285278320312,1.0,True,32.9375,1.0,0.5302347538527101,8.538232803344727,0.0,True,1.0,0.0,0.0
0.9,0.6100339779172557,37,100,18,262144,0.09062849800102413,36.747344970703125,True,1.0754343905486166,1.3471145629882812,1.0,True,4.1261225628200915,1.1439285278320312,1.0,True,53.5625,1.0,0.5274626009631902,8.538232803344727,0.0,True,1.0,0.0,0.0
0.5,0.21383784734950484,39,100,11,2048,0.10650522611103952,1.1732177734375,True,1.0625271529890596,1.3778915405273438,0.9358000000000001,True,4.0523393852170555,1.1747817993164062,0.9352,True,0.0,0.9343897261912495,25.10074109490961,9.402398109436035,0.0,True,0.9343897261912497,0.001410273808750584,0.000810273808750539
0.6,0.3138378473495048,39,100,11,2048,0.08022328396327794,1.1732254028320312,True,1.0672067960258573,1.3778915405273438,1.0,True,4.050349989812821,1.1748428344726562,1.0,True,0.0,1.0,0.5783382731024176,9.402329444885254,0.0,True,1.0,0.0,0.0
0.7,0.4138378473495048,39,100,11,2048,0.07862562499940395,1.1732254028320312,True,1.0634220022242515,1.3778915405273438,1.0,True,4.049289242876694,1.1747817993164062,1.0,True,0.0,1.0,0.5763919369783252,9.402398109436035,0.0,True,1.0,0.0,0.0
0.8,0.5138378473495049,39,100,11,2048,0.07864024001173675,1.1732254028320312,True,1.0629792561754585,1.3778305053710938,1.0,True,4.045668880734593,1.1747817993164062,1.0,True,0.0,1.0,0.5623776819556952,9.402398109436035,0.0,True,1.0,0.0,0.0
0.9,0.6138378473495049,39,100,11,2048,0.07928107096813619,1.1732254028320312,True,1.0669885292183607,1.3778305053710938,1.0,True,4.050369660928846,1.174713134765625,1.0,True,0.0,1.0,0.5787333529442549,9.402398109436035,0.0,True,1.0,0.0,0.0
0.5,0.1637648664766297,39,100,12,4096,0.08192184800282121,1.356597900390625,True,1.0770351823419333,1.4185867309570312,1.0,True,4.11851307763718,1.2154464721679688,1.0,True,0.0,1.0,0.5934609959367663,9.056994438171387,0.0,True,1.0,0.0,0.0
0.6,0.26376486647662967,39,100,12,4096,0.08239847305230796,1.356658935546875,True,1.0822524408809842,1.4186477661132812,1.0,True,4.135120063461363,1.2155075073242188,1.0,True,0.0,1.0,0.5834040839690715,9.056994438171387,0.0,True,1.0,0.0,0.0
0.7,0.36376486647662964,39,100,12,4096,0.08216200186870992,1.356597900390625,True,1.0866563952527941,1.4185867309570312,1.0,True,4.142404759814963,1.2154464721679688,1.0,True,0.0,1.0,0.59262166894041,9.056994438171387,0.0,True,1.0,0.0,0.0
0.8,0.46376486647662973,39,100,12,4096,0.0833955209236592,1.3565902709960938,True,1.0846994993742556,1.4186477661132812,1.0,True,4.117444929946214,1.2154464721679688,1.0,True,0.0,1.0,0.5937405419535935,9.056994438171387,0.0,True,1.0,0.0,0.0
0.9,0.5637648664766297,39,100,12,4096,0.08330483781173825,1.3565902709960938,True,1.0817210039589553,1.4186477661132812,1.0,True,4.120648812921718,1.2154464721679688,1.0,True,0.0,1.0,0.5945082260295749,9.056994438171387,0.0,True,1.0,0.0,0.0
0.5,0.24486677776343735,29,100,16,65536,0.08019998483359814,10.689910888671875,True,1.0869449033867569,1.3261642456054688,1.0,True,4.166715707443655,1.1229324340820312,1.0,True,0.0,1.0,0.4202118911780417,6.871411323547363,0.0,True,1.0,0.0,0.0
0.6,0.3448667777634373,29,100,16,65536,0.08003458380699158,10.689910888671875,True,1.088003456639126,1.3261642456054688,1.0,True,4.162817521253601,1.1229324340820312,1.0,True,0.0,1.0,0.41491368715651333,6.871411323547363,0.0,True,1.0,0.0,0.0
0.7,0.4448667777634373,29,100,16,65536,0.08018104312941432,10.689910888671875,True,1.0826567714102566,1.3261642456054688,1.0,True,4.170762395625934,1.1229324340820312,1.0,True,0.0,1.0,0.40402157604694366,6.871411323547363,0.0,True,1.0,0.0,0.0
0.8,0.5448667777634374,29,100,16,65536,0.07973872707225382,10.689971923828125,True,1.0849887778051197,1.3261032104492188,1.0,True,4.160439985431731,1.1229324340820312,1.0,True,0.0,1.0,0.4187973369844258,6.8714799880981445,0.0,True,1.0,0.0,0.0
0.9,0.6448667777634374,29,100,16,65536,0.08323082095012069,10.689910888671875,True,1.0831199693959206,1.3261642456054688,1.0,True,4.152325094025582,1.1229324340820312,1.0,True,0.0,1.0,0.41876863315701485,6.871411323547363,0.0,True,1.0,0.0,0.0
0.5,0.25135268356655005,45,100,9,512,0.07823903695680201,1.1476287841796875,True,1.0530545056331904,1.3522720336914062,1.0,True,4.032961262017489,1.1491775512695312,1.0,True,0.0,0.9999999999999999,0.6293116859160364,10.436034202575684,0.0,True,0.9999999999999999,1.1102230246251565e-16,1.1102230246251565e-16
0.6,0.35135268356655003,45,100,9,512,0.07929736515507102,1.1476287841796875,True,1.060961080994457,1.352264404296875,1.0,True,4.02186301597394,1.1491851806640625,1.0,True,0.0,0.9999999999999999,0.630122919101268,10.435965538024902,0.0,True,0.9999999999999999,1.1102230246251565e-16,1.1102230246251565e-16
0.7,0.45135268356655,45,100,9,512,0.07909313892014325,1.1476287841796875,True,1.0524551045615227,1.352264404296875,1.0,True,4.020493040792644,1.1491775512695312,1.0,True,0.0,0.9999999999999999,0.6340550740715116,10.436034202575684,0.0,True,0.9999999999999999,1.1102230246251565e-16,1.1102230246251565e-16
0.8,0.5513526835665501,45,100,9,512,0.0794581479858607,1.1476287841796875,True,1.0575201008003206,1.352264404296875,1.0,True,4.027581585198641,1.1491851806640625,1.0,True,0.0,0.9999999999999999,0.628161083906889,10.466516494750977,0.0,True,0.9999999999999999,1.1102230246251565e-16,1.1102230246251565e-16
0.9,0.6513526835665501,45,100,9,512,0.07678884686902165,1.1476211547851562,True,1.0577255399897694,1.352264404296875,1.0,True,4.0176078993827105,1.1491851806640625,1.0,True,0.0,0.9999999999999999,0.6307091058697551,10.436034202575684,0.0,True,0.9999999999999999,1.1102230246251565e-16,1.1102230246251565e-16
0.5,0.09327240836705841,31,100,14,16384,0.0830570301041007,3.8956298828125,True,1.0734208822250366,1.3752899169921875,0.8493999999999999,True,4.103522653179243,1.1721115112304688,0.8390000000000001,True,0.0,0.8455065907407628,8.199954014038667,7.1357831954956055,0.0,True,0.8455065907407632,0.0038934092592370906,0.006506590740762763
0.6,0.1932724083670584,31,100,14,16384,0.08878664602525532,3.8956222534179688,True,1.0710439913906158,1.3752899169921875,0.9222000000000001,True,4.096857627527788,1.1721115112304688,0.9224,True,0.0,0.9242820566515532,8.151551492977887,7.1357831954956055,0.0,True,0.9242820566515534,0.0020820566515530325,0.0018820566515531656
0.7,0.29327240836705837,31,100,14,16384,0.08052400895394385,3.8956298828125,True,1.0730400739703327,1.3752899169921875,1.0,True,4.1120132397860285,1.172119140625,1.0,True,0.0,1.0,0.4634758778847754,7.1357831954956055,0.0,True,1.0,0.0,0.0
0.8,0.39327240836705846,31,100,14,16384,0.08023768290877342,3.8956298828125,True,1.0735141044016927,1.3752899169921875,1.0,True,4.1042503524106,1.172119140625,1.0,True,0.0,1.0,0.46391247282736003,7.1357831954956055,0.0,True,1.0,0.0,0.0
0.9,0.49327240836705843,31,100,14,16384,0.0792994110379368,3.8956298828125,True,1.075871552620083,1.3752899169921875,1.0,True,4.092332639591769,1.172119140625,1.0,True,0.0,1.0,0.46477297600358725,7.1357831954956055,0.0,True,1.0,0.0,0.0
0.5,0.15593664123483109,39,100,11,2048,0.06074284901842475,1.1810836791992188,True,1.0774176329374314,1.3526763916015625,0.9206,True,4.118604524806142,1.1495590209960938,0.9188000000000001,True,0.0,0.9199735585522638,0.727393375011161,8.864157676696777,0.0,True,0.9199735585522647,0.0006264414477361591,0.0011735585522637537
0.6,0.25593664123483106,39,100,11,2048,0.07956090802326798,1.18115234375,True,1.0721685175318272,1.3527374267578125,1.0,True,4.102069699717686,1.1495590209960938,1.0,True,0.0,1.0,0.5798394051380455,8.864226341247559,0.0,True,1.0,0.0,0.0
0.7,0.35593664123483104,39,100,11,2048,0.07982362015172839,1.1811447143554688,True,1.0784023549873383,1.3526763916015625,1.0,True,4.114416310377419,1.1495590209960938,1.0,True,0.0,1.0,0.5640390908811241,8.864157676696777,0.0,True,1.0,0.0,0.0
0.8,0.45593664123483113,39,100,11,2048,0.0798851849976927,1.18115234375,True,1.0679126017726959,1.3526763916015625,1.0,True,4.099576352350414,1.149566650390625,1.0,True,0.0,1.0,0.5805197961162776,8.864226341247559,0.0,True,1.0,0.0,0.0
0.9,0.5559366412348311,39,100,11,2048,0.07787437899969518,1.18115234375,True,1.0765681680291892,1.3527374267578125,1.0,True,4.116613625781611,1.149566650390625,1.0,True,0.0,1.0,0.5787656800821424,8.864226341247559,0.0,True,1.0,0.0,0.0
0.5,0.25322729907387825,35,100,10,1024,0.07569250697270036,1.1319198608398438,True,1.0661651789676398,1.3365554809570312,1.0,True,4.0595480524469165,1.1334762573242188,1.0,True,0.0,1.0,0.48268406791612506,8.282451629638672,0.0,True,1.0,0.0,0.0
0.6,0.35322729907387823,35,100,10,1024,0.07509322999976575,1.1319198608398438,True,1.0651383180636913,1.3366241455078125,1.0,True,4.081555285211652,1.1334762573242188,1.0,True,0.0,1.0,0.48397111101076007,8.282451629638672,0.0,True,1.0,0.0,0.0
0.7,0.4532272990738782,35,100,10,1024,0.07572165597230196,1.1319198608398438,True,1.0653764979913831,1.3366165161132812,1.0,True,4.067574065644294,1.1334762573242188,1.0,True,0.0,1.0,0.48250150214880705,8.282451629638672,0.0,True,1.0,0.0,0.0
0.8,0.5532272990738782,35,100,10,1024,0.07568585011176765,1.1319198608398438,True,1.0633297286462038,1.3366165161132812,1.0,True,4.083102782908827,1.1335372924804688,1.0,True,0.0,1.0,0.481549829011783,8.282451629638672,0.0,True,1.0,0.0,0.0
0.9,0.6532272990738783,35,100,10,1024,0.07610106584616005,1.1319198608398438,True,1.063815566431731,1.3366241455078125,1.0,True,4.069872585916892,1.1334762573242188,1.0,True,0.0,1.0,0.4843691810965538,8.282451629638672,0.0,True,1.0,0.0,0.0
0.5,0.017582378331546633,41,100,16,65536,0.11476041306741536,9.78216552734375,True,1.0664730411954224,1.402679443359375,0.6113999999999999,True,4.092345764720813,1.1995925903320312,0.6117999999999999,True,0.0,0.6181743048365469,32.995559200877324,9.441386222839355,0.0,True,0.6181743048365469,0.006774304836546952,0.006374304836546996
0.6,0.11758237833154661,41,100,16,65536,0.1201229349244386,9.78216552734375,True,1.1180772500578313,1.402740478515625,0.7318,True,4.093428557179868,1.1995925903320312,0.7282,True,0.0,0.7305245971126363,32.88924435293302,9.441454887390137,0.0,True,0.7305245971126363,0.001275402887363719,0.0023245971126363285
0.7,0.2175823783315466,41,100,16,65536,0.12390202493406832,9.782157897949219,True,1.0974193844012916,1.4027481079101562,1.0,True,4.118177809473127,1.1995925903320312,1.0,True,0.0,1.0,0.663638771045953,9.441386222839355,0.0,True,1.0,0.0,0.0
0.8,0.3175823783315467,41,100,16,65536,0.10862902016378939,9.782157897949219,True,1.0901546916458755,1.402740478515625,1.0,True,4.091903546173126,1.1995925903320312,1.0,True,0.0,1.0,0.6224033320322633,9.441386222839355,0.0,True,1.0,0.0,0.0
0.9,0.41758237833154666,41,100,16,65536,0.10626193881034851,9.782096862792969,True,1.082969287224114,1.402740478515625,1.0,True,4.078202899266034,1.1995315551757812,1.0,True,0.0,1.0,0.638579981867224,9.441386222839355,0.0,True,1.0,0.0,0.0
0.5,0.04272889615840891,32,100,20,1048576,0.1441576301585883,144.7471694946289,True,1.1005265780258924,1.3440093994140625,0.5715999999999999,True,4.13683505137451,1.1407394409179688,0.554,True,397.1875,0.5619984006184994,0.7665289309807122,7.206744194030762,0.0,True,0.5619984006184994,0.009601599381500514,0.007998400618499324
0.6,0.1427288961584089,32,100,20,1048576,0.14668512297794223,144.7471694946289,True,1.0943606744054706,1.3440093994140625,0.8404,True,4.195673976792023,1.1407394409179688,0.851,True,396.6875,0.8534476294599429,0.5981038808822632,7.177417755126953,0.0,True,0.853447629459943,0.013047629459942867,0.002447629459942924
0.7,0.24272889615840887,32,100,20,1048576,0.11318370094522834,144.74710845947266,True,1.0983537424355745,1.3440093994140625,0.9394,True,4.16733177639544,1.1472158432006836,0.9338000000000001,True,396.25,0.93671479190076,0.6281291760969907,7.177486419677734,0.0,True,0.9367147919007602,0.0026852080992399996,0.0029147919007599388
0.8,0.34272889615840896,32,100,20,1048576,0.15044687199406326,144.74710845947266,True,1.0996511614881457,1.3440170288085938,1.0,True,4.13854582211934,1.1407394409179688,1.0,True,395.75,0.9999999999999999,0.5116972720716149,7.177417755126953,0.0,True,0.9999999999999999,1.1102230246251565e-16,1.1102230246251565e-16
0.9,0.44272889615840894,32,100,20,1048576,0.1460654349066317,144.7471694946289,True,1.1012953950092197,1.3440093994140625,1.0,True,4.148203510371968,1.1408004760742188,1.0,True,395.25,0.9999999999999999,0.5130963250994682,7.177417755126953,0.0,True,0.9999999999999999,1.1102230246251565e-16,1.1102230246251565e-16
0.5,0.18961703368821836,37,100,15,32768,0.09725687000900507,5.546913146972656,True,1.0870630990248173,1.2950210571289062,0.8992000000000001,True,4.110997102828696,1.0894851684570312,0.899,True,0.0,0.8918661416466573,0.6011896829586476,8.909133911132812,0.0,True,0.8918661416466576,0.00733385835334277,0.007133858353342681
0.6,0.28961703368821834,37,100,15,32768,0.0624488340690732,5.546913146972656,True,1.0924025490880012,1.2950210571289062,1.0,True,4.1235514502506705,1.0895462036132812,1.0,True,0.0,1.0,0.5918106359895319,8.909133911132812,0.0,True,1.0,0.0,0.0
0.7,0.3896170336882183,37,100,15,32768,0.09420430287718773,5.546913146972656,True,1.0850919640157373,1.2950210571289062,1.0,True,4.101783407619223,1.0895462036132812,1.0,True,0.0,1.0,0.5915963079314679,8.909133911132812,0.0,True,1.0,0.0,0.0
0.8,0.4896170336882184,37,100,15,32768,0.09416833682917058,5.546913146972656,True,1.0886215684004128,1.2950286865234375,1.0,True,4.098408082220703,1.0895462036132812,1.0,True,0.0,1.0,0.5905557388905436,8.909133911132812,0.0,True,1.0,0.0,0.0
0.9,0.5896170336882184,37,100,15,32768,0.09798499615862966,5.546913146972656,True,1.0798937569838016,1.2950210571289062,1.0,True,4.112528392253443,1.0895462036132812,1.0,True,0.0,1.0,0.5923294660169631,8.909133911132812,0.0,True,1.0,0.0,0.0
0.5,0.27589174005585104,32,100,19,524288,0.10948094096966088,120.68222045898438,True,1.095566886011511,1.2800827026367188,1.0,True,4.145057211210951,1.076904296875,1.0,True,370.625,1.0,0.4947797718923539,7.683511734008789,0.0,True,1.0,0.0,0.0
0.6,0.375891740055851,32,100,19,524288,0.142200370086357,120.68215942382812,True,1.0902951578143985,1.2801437377929688,1.0,True,4.123965589655564,1.07696533203125,1.0,True,370.125,1.0,0.49205094506032765,7.683511734008789,0.0,True,1.0,0.0,0.0
0.7,0.475891740055851,32,100,19,524288,0.13861754699610174,120.68222045898438,True,1.0966532676480711,1.2801437377929688,1.0,True,4.140352116618305,1.0769729614257812,1.0,True,369.625,1.0,0.4919667299836874,7.683511734008789,0.0,True,1.0,0.0,0.0
0.8,0.5758917400558511,32,100,19,524288,0.14194455882534385,120.68222045898438,True,1.099571732338518,1.2801437377929688,1.0,True,4.124136447999627,1.07696533203125,1.0,True,369.125,1.0,0.4968141671270132,7.683511734008789,0.0,True,1.0,0.0,0.0
0.9,0.6758917400558511,32,100,19,524288,0.14152435096912086,120.68222045898438,True,1.0854915360920132,1.2801437377929688,1.0,True,4.143339110026136,1.0770339965820312,1.0,True,368.625,1.0,0.4909756591077894,7.683511734008789,0.0,True,1.0,0.0,0.0
0.5,0.2544411619129734,37,100,13,8192,0.09099901304580271,2.0718612670898438,True,1.1053118163719773,1.3012542724609375,1.0,True,4.219328423589468,1.0980300903320312,1.0,True,0.0,1.0,0.5654503859113902,8.286506652832031,0.0,True,1.0,0.0,0.0
0.6,0.35444116191297337,37,100,13,8192,0.08995182090438902,2.0718002319335938,True,1.1019683487247676,1.3012542724609375,1.0,True,4.150101970881224,1.0980300903320312,1.0,True,0.0,1.0,0.5732425800524652,8.286506652832031,0.0,True,1.0,0.0,0.0
0.7,0.45444116191297335,37,100,13,8192,0.08870722493156791,2.0718002319335938,True,1.092450908012688,1.3012542724609375,1.0,True,4.158573945565149,1.0979690551757812,1.0,True,0.0,1.0,0.5536998440511525,8.286506652832031,0.0,True,1.0,0.0,0.0
0.8,0.5544411619129734,37,100,13,8192,0.09152551903389394,2.0718612670898438,True,1.094616317609325,1.3012542724609375,1.0,True,4.160052086599171,1.0980300903320312,1.0,True,0.0,1.0,0.5622126329690218,8.286506652832031,0.0,True,1.0,0.0,0.0
0.9,0.6544411619129734,37,100,13,8192,0.09131931909359992,2.0718002319335938,True,1.0871100218035281,1.3012542724609375,1.0,True,4.1471664438024165,1.0979690551757812,1.0,True,0.0,1.0,0.5633876610081643,8.286506652832031,0.0,True,1.0,0.0,0.0
0.5,0.012729439909719642,37,100,15,32768,0.1229549830313772,5.511222839355469,True,1.090269919577986,1.4065780639648438,0.513,True,4.123531157290563,1.203338623046875,0.5322000000000001,True,0.0,0.527531704027573,24.989535018103197,8.537952423095703,0.0,True,0.5275317040275723,0.014531704027572978,0.004668295972427128
0.6,0.08727056009028034,37,100,15,32768,0.11706490209326148,5.511222839355469,True,1.0934727968182414,1.4065170288085938,0.7664,True,4.118850049655885,1.2144155502319336,0.7779999999999999,True,0.0,0.7739512859620432,19.51983857504092,8.537952423095703,0.0,True,0.7739512859620431,0.0075512859620432415,0.004048714037956702
0.7,0.1872705600902803,37,100,15,32768,0.11715232790447772,5.511360168457031,True,1.0861385660246015,1.4065780639648438,0.8950000000000001,True,4.112609914364294,1.203399658203125,0.8912000000000001,True,0.0,0.8894095017287442,20.46661174390465,8.537952423095703,0.0,True,0.8894095017287439,0.005590498271255906,0.0017904982712558803
0.8,0.2872705600902804,37,100,15,32768,0.06604479998350143,5.5111541748046875,True,1.0864213529042899,1.4065780639648438,1.0,True,4.117352572549135,1.203338623046875,1.0,True,0.0,1.0,0.5706891370937228,8.537952423095703,0.0,True,1.0,0.0,0.0
0.9,0.3872705600902804,37,100,15,32768,0.09352109604515135,5.51129150390625,True,1.094186639180407,1.4065780639648438,1.0,True,4.124274872569368,1.203338623046875,1.0,True,0.0,1.0,0.5667168369982392,8.537952423095703,0.0,True,1.0,0.0,0.0
0.5,0.030059954840955583,29,100,23,8388608,0.5129137919284403,1152.7463569641113,True,1.1078146452084183,1.3350677490234375,0.6192,True,4.211885969806462,1.1318435668945312,0.6064,True,3301.75,0.611987930375575,0.6788025489076972,6.640795707702637,0.0,True,0.611987930375575,0.007212069624424999,0.005587930375574923
0.6,0.0699400451590444,29,100,23,8388608,0.5111925629898906,1152.7464179992676,True,1.0921143210027366,1.3351287841796875,0.7253999999999999,True,4.227242140751332,1.1318435668945312,0.7392,True,3301.25,0.7336329980415502,0.6417665048502386,6.640795707702637,0.0,True,0.7336329980415504,0.00823299804155031,0.005567001958449724
0.7,0.16994004515904437,29,100,23,8388608,0.5001784400083125,1152.7464179992676,True,1.100039782980457,1.3351287841796875,0.9458,True,4.2044596273917705,1.1317825317382812,0.95,True,3300.8125,0.9497888288110165,0.5820829439908266,6.640795707702637,0.0,True,0.9497888288110168,0.003988828811016476,0.0002111711889835055
0.8,0.26994004515904446,29,100,23,8388608,0.500344516010955,1152.7463569641113,True,1.09641880444251,1.3350677490234375,1.0,True,4.208628494758159,1.1317825317382812,1.0,True,3300.3125,1.0,0.553806713083759,6.640795707702637,0.0,True,1.0,0.0,0.0
0.9,0.36994004515904444,29,100,23,8388608,0.5015560879837722,1152.7464179992676,True,1.1015781804453582,1.3351287841796875,1.0,True,4.209186662686989,1.1318435668945312,1.0,True,3300.0625,1.0,0.5593394069001079,6.640795707702637,0.0,True,1.0,0.0,0.0
0.5,0.08348632838492248,41,100,11,2048,0.11215469986200333,1.206038475036621,True,1.0996878863777966,1.4071502685546875,0.6894,True,4.082635575020686,1.2039947509765625,0.6961999999999999,True,0.0,0.6852321972670196,25.077371740946546,9.63431453704834,0.0,True,0.6852321972670194,0.004167802732980452,0.01096780273298037
0.6,0.18348632838492246,41,100,11,2048,0.1025115258526057,1.2024307250976562,True,1.0738803426735104,1.4071502685546875,0.8792,True,4.082479708082974,1.2039871215820312,0.8704000000000001,True,0.0,0.8774917051829265,13.401027334155515,9.63431453704834,0.0,True,0.8774917051829266,0.0017082948170734635,0.0070917051829264555
0.7,0.28348632838492244,41,100,11,2048,0.08301874599419534,1.2024307250976562,True,1.0755403228569775,1.4071502685546875,1.0,True,4.096862295595929,1.2039871215820312,1.0,True,0.0,1.0,0.6099853690247983,9.634383201599121,0.0,True,1.0,0.0,0.0
0.8,0.3834863283849225,41,100,11,2048,0.08460063789971173,1.2024307250976562,True,1.0872805996332318,1.4071502685546875,1.0,True,4.125244545377791,1.2039947509765625,1.0,True,0.0,1.0,0.5784677991177887,9.63431453704834,0.0,True,1.0,0.0,0.0
0.9,0.4834863283849225,41,100,11,2048,0.08583262911997736,1.2024383544921875,True,1.0736863117199391,1.4071502685546875,1.0,True,4.087712831050157,1.2039947509765625,1.0,True,0.0,1.0,0.6072681711521,9.634383201599121,0.0,True,1.0,0.0,0.0
0.5,0.18306632242948045,35,100,23,8388608,0.5356002578046173,1152.7502632141113,True,1.0851796325761824,1.3499984741210938,1.0,True,4.133465555170551,1.146697998046875,1.0,True,3279.8125,1.0,0.6362940650433302,8.084137916564941,0.0,True,1.0,0.0,0.0
0.6,0.28306632242948043,35,100,23,8388608,0.534712566062808,1152.7501945495605,True,1.0954751674551517,1.3499984741210938,1.0,True,4.137589624384418,1.146697998046875,1.0,True,3279.375,1.0,0.6279772638808936,8.084137916564941,0.0,True,1.0,0.0,0.0
0.7,0.3830663224294804,35,100,23,8388608,0.5340601101052016,1152.7502632141113,True,1.0961858539842069,1.3499984741210938,1.0,True,4.163070018962026,1.1467666625976562,1.0,True,3278.875,1.0,0.6235031140968204,8.084137916564941,0.0,True,1.0,0.0,0.0
0.8,0.4830663224294805,35,100,23,8388608,0.5354751029517502,1152.7501945495605,True,1.0906169411726296,1.3499984741210938,1.0,True,4.131227717082948,1.1467666625976562,1.0,True,3278.375,1.0,0.6357500229496509,8.084137916564941,0.0,True,1.0,0.0,0.0
0.9,0.5830663224294805,35,100,23,8388608,0.5342379959765822,1152.7501945495605,True,1.0892159495968372,1.3499984741210938,1.0,True,4.148081614077091,1.1467666625976562,1.0,True,3277.875,1.0,0.6334698828868568,8.084206581115723,0.0,True,1.0,0.0,0.0
0.5,0.0478148364246217,34,100,18,262144,0.09175303601659834,36.74964141845703,True,1.0953185220248998,1.3687591552734375,0.5978,True,4.110750108631327,1.1655502319335938,0.5983999999999999,True,49.5,0.6009291842934483,1.4941071649082005,7.954465866088867,0.0,True,0.6009291842934483,0.0031291842934483283,0.0025291842934483943
0.6,0.14781483642462168,34,100,18,262144,0.08287649881094694,36.74964141845703,True,1.08371827066876,1.3687591552734375,1.0,True,4.130948070203885,1.1654891967773438,1.0,True,32.9375,1.0,0.5111389600206167,7.954465866088867,0.0,True,1.0,0.0,0.0
0.7,0.24781483642462165,34,100,18,262144,0.09044035710394382,36.74977111816406,True,1.1104199613910168,1.3687591552734375,1.0,True,4.146803570585325,1.1654891967773438,1.0,True,32.9375,1.0,0.5082672771532089,7.954465866088867,0.0,True,1.0,0.0,0.0
0.8,0.34781483642462174,34,100,18,262144,0.08982991520315409,36.74964141845703,True,1.0784062063321471,1.3687591552734375,1.0,True,4.1222289867699144,1.1654891967773438,1.0,True,32.9375,1.0,0.5110285189002752,7.954534530639648,0.0,True,1.0,0.0,0.0
0.9,0.4478148364246217,34,100,18,262144,0.09017728385515511,36.74964141845703,True,1.0818782076705247,1.3687591552734375,1.0,True,4.115462752245366,1.1654891967773438,1.0,True,32.9375,1.0,0.5108494909945875,7.954465866088867,0.0,True,1.0,0.0,0.0
0.5,0.1980711190329868,39,100,19,524288,0.10240055317990482,72.84492588043213,True,1.1047005235683174,1.3169403076171875,0.9724,True,4.205309185106307,1.11383056640625,0.9698,True,205.125,0.9711926998040957,0.8273472539149225,9.198115348815918,10.75,True,0.9711926998040958,0.001207300195904315,0.0013926998040957317
0.55,0.24807111903298684,39,100,19,524288,0.10066998889669776,72.84089660644531,True,1.1089662271551788,1.3170013427734375,0.9949999999999999,True,4.183061831491068,1.1138229370117188,0.9936,True,197.9375,0.9938184836029523,0.8275287519209087,9.198014259338379,5.0,True,0.9938184836029526,0.001181516397047555,0.00021848360295229075
0.6,0.2980711190329868,39,100,19,524288,0.10053701396100223,72.84089660644531,True,1.075816945405677,1.3170013427734375,1.0,True,4.152254015253857,1.11383056640625,1.0,True,197.9375,1.0,0.5431184959597886,9.19826602935791,3.875,True,1.0,0.0,0.0
0.65,0.3480711190329868,39,100,19,524288,0.09960667695850134,72.84089660644531,True,1.0827858762349933,1.3169403076171875,1.0,True,4.1299227476119995,1.11383056640625,1.0,True,197.9375,1.0,0.5426783189177513,9.198592185974121,2.125,True,1.0,0.0,0.0
0.7,0.39807111903298675,39,100,19,524288,0.09774036007001996,72.84089660644531,True,1.0809402292594315,1.3169403076171875,1.0,True,4.1442393941804765,1.11383056640625,1.0,True,197.9375,1.0,0.5389301599934697,9.198019027709961,0.0,True,1.0,0.0,0.0
0.75,0.4480711190329868,39,100,19,524288,0.0987858627922833,72.84095764160156,True,1.0809944278094918,1.3170013427734375,1.0,True,4.1401404902338985,1.11383056640625,1.0,True,193.8125,1.0,0.540279374923557,9.198014259338379,0.0,True,1.0,0.0,0.0
0.8,0.49807111903298684,39,100,19,524288,0.09939267300069332,72.84155464172363,True,1.0803384047467262,1.3170089721679688,1.0,True,4.135071535827592,1.1138229370117188,1.0,True,193.8125,1.0,0.5385200039017946,9.198817253112793,0.0,True,1.0,0.0,0.0
0.85,0.5480711190329868,39,100,19,524288,0.09836108982563019,72.84089660644531,True,1.1599019713699819,1.3170013427734375,1.0,True,4.147510057222098,1.11383056640625,1.0,True,193.8125,1.0,0.7010913409758359,9.197945594787598,0.0,True,1.0,0.0,0.0
0.9,0.5980711190329868,39,100,19,524288,0.09983632410876453,72.84089660644531,True,1.0778711184393615,1.3170089721679688,1.0,True,4.129538111621514,1.11383056640625,1.0,True,193.8125,1.0,0.5417964470107108,9.198014259338379,0.0,True,1.0,0.0,0.0
0.95,0.6480711190329868,39,100,19,524288,0.09976513800211251,72.84095764160156,True,1.0788403916172684,1.3170013427734375,1.0,True,4.134538759989664,1.11383056640625,1.0,True,193.8125,1.0,0.5430066550616175,9.211969375610352,0.0,True,1.0,0.0,0.0
0.5,0.022861815729459556,36,100,10,1024,0.07320440700277686,1.0819091796875,True,1.1450762312859297,1.28662109375,0.5236000000000001,True,4.751620106399059,1.0834579467773438,0.513,True,0.0,0.5126079310971074,0.5037593019660562,8.403286933898926,0.0,True,0.5126079310971072,0.010992068902892616,0.0003920689028925617
0.55,0.02713818427054049,36,100,10,1024,0.08704503299668431,1.0819015502929688,True,1.0809592133387924,1.28662109375,0.723,True,4.138537983968854,1.083465576171875,0.7352000000000001,True,0.0,0.715693271543306,0.6097105711232871,8.403286933898926,0.0,True,0.7156932715433059,0.0073067284566940005,0.0195067284566941
0.6,0.07713818427054042,36,100,10,1024,0.0720380509737879,1.0819091796875,True,1.077979872841388,1.28656005859375,0.7263999999999999,True,4.124820793606341,1.083465576171875,0.712,True,0.0,0.715693271543306,0.5031915078870952,8.403286933898926,0.0,True,0.7156932715433059,0.010706728456693959,0.0036932715433060093
0.65,0.12713818427054047,36,100,10,1024,0.07152014994062483,1.0819091796875,True,1.0822733918204903,1.2866287231445312,1.0,True,4.1246575903147455,1.083465576171875,1.0,True,0.0,1.0,0.47218889906071126,8.403286933898926,0.0,True,1.0,0.0,0.0
0.7,0.1771381842705404,36,100,10,1024,0.0727437580935657,1.0819091796875,True,1.073664132039994,1.28662109375,1.0,True,4.123279370414093,1.0868520736694336,1.0,True,0.0,1.0,0.496365835191682,8.403286933898926,0.0,True,1.0,0.0,0.0
0.75,0.22713818427054044,36,100,10,1024,0.07308038813062012,1.0819091796875,True,1.0773419696372002,1.28662109375,1.0,True,4.164234974142164,1.083465576171875,1.0,True,0.0,1.0,0.49422700819559395,8.403286933898926,0.0,True,1.0,0.0,0.0
0.8,0.2771381842705405,36,100,10,1024,0.0727685671299696,1.0819091796875,True,1.0726849223952741,1.28656005859375,1.0,True,4.1139857119414955,1.083465576171875,1.0,True,0.0,1.0,0.4970688200555742,8.403218269348145,0.0,True,1.0,0.0,0.0
0.85,0.3271381842705404,36,100,10,1024,0.07265994301997125,1.0819091796875,True,1.0804485319647938,1.2866287231445312,1.0,True,4.1233861757908015,1.083465576171875,1.0,True,0.0,1.0,0.5425728331319988,8.403042793273926,0.0,True,1.0,0.0,0.0
0.9,0.37713818427054047,36,100,10,1024,0.07042862405069172,1.0819091796875,True,1.0941842003725468,1.28656005859375,1.0,True,4.099776880349964,1.083465576171875,1.0,True,0.0,1.0,0.49471704312600195,8.403286933898926,0.0,True,1.0,0.0,0.0
0.95,0.4271381842705404,36,100,10,1024,0.07272941991686821,1.0819091796875,True,1.0951177270151675,1.28662109375,1.0,True,4.11621354459785,1.083465576171875,1.0,True,0.0,1.0,0.4820254279766232,8.430169105529785,0.0,True,1.0,0.0,0.0
0.5,0.18734951369367608,29,100,11,2048,0.07660432020202279,1.2983474731445312,True,1.1090188566129655,1.3564605712890625,0.9692000000000001,True,4.139700836362318,1.1532516479492188,0.9632,True,0.0,0.9634954560087937,0.6241727638989687,6.971126556396484,0.0,True,0.9634954560087937,0.005704543991206346,0.00029545600879377076
0.55,0.23734951369367613,29,100,11,2048,0.07651508296839893,1.2984161376953125,True,1.1046699518337846,1.3564529418945312,1.0,True,4.154981421213597,1.1532516479492188,1.0,True,0.0,1.0,0.4317765759769827,6.971126556396484,0.0,True,1.0,0.0,0.0
0.6,0.28734951369367606,29,100,11,2048,0.0763177468907088,1.2983474731445312,True,1.1041942036245018,1.3563919067382812,1.0,True,4.300133355986327,1.1532516479492188,1.0,True,0.0,1.0,0.4447962180711329,6.971057891845703,0.0,True,1.0,0.0,0.0
0.65,0.3373495136936761,29,100,11,2048,0.09881154401227832,1.2984085083007812,True,1.1007836427073925,1.3562774658203125,1.0,True,4.153129992401228,1.1531829833984375,1.0,True,0.0,1.0,0.4557750599924475,6.971057891845703,0.0,True,1.0,0.0,0.0
0.7,0.38734951369367604,29,100,11,2048,0.07596751512028277,1.2984161376953125,True,1.0946576722431929,1.3564529418945312,1.0,True,4.137663115840406,1.1531829833984375,1.0,True,0.0,1.0,0.44390301406383514,6.971126556396484,0.0,True,1.0,0.0,0.0
0.75,0.4373495136936761,29,100,11,2048,0.07612683810293674,1.2984161376953125,True,1.1028171448037027,1.3564605712890625,1.0,True,4.159475410170853,1.1532516479492188,1.0,True,0.0,1.0,0.43224438512697816,6.971126556396484,0.0,True,1.0,0.0,0.0
0.8,0.48734951369367613,29,100,11,2048,0.07620405103079975,1.2984161376953125,True,1.1063651650212705,1.3564529418945312,1.0,True,4.135849188594148,1.1532516479492188,1.0,True,0.0,1.0,0.44340382888913155,6.971057891845703,0.0,True,1.0,0.0,0.0
0.85,0.5373495136936761,29,100,11,2048,0.07551085809245706,1.2984085083007812,True,1.1036907691974194,1.3564605712890625,1.0,True,4.1655670427251605,1.1532516479492188,1.0,True,0.0,1.0,0.4454124700278044,6.971126556396484,0.0,True,1.0,0.0,0.0
0.9,0.5873495136936762,29,100,11,2048,0.0759027199819684,1.2983474731445312,True,1.1046080854255707,1.3564529418945312,1.0,True,4.164056695858017,1.1532516479492188,1.0,True,0.0,1.0,0.44589986000210047,6.971057891845703,0.0,True,1.0,0.0,0.0
0.95,0.637349513693676,29,100,11,2048,0.07631592196412385,1.2983474731445312,True,1.097012101393193,1.3564529418945312,1.0,True,4.168978151120245,1.1532516479492188,1.0,True,0.0,1.0,0.42253492097370327,6.971126556396484,0.0,True,1.0,0.0,0.0
0.5,0.24850979327907263,34,100,16,65536,0.07629915396682918,9.788742065429688,True,1.090507036820054,1.3177261352539062,1.0,True,4.09360449402593,1.1146240234375,1.0,True,4.0625,1.0,0.47674278705380857,8.179350852966309,0.0,True,1.0,0.0,0.0
0.55,0.2985097932790727,34,100,16,65536,0.0742496841121465,9.788742065429688,True,1.0729157106019556,1.3177947998046875,1.0,True,4.114784818328917,1.1146316528320312,1.0,True,0.0,1.0,0.4784169408958405,8.179350852966309,0.0,True,1.0,0.0,0.0
0.6,0.3485097932790726,34,100,16,65536,0.07613606005907059,9.788742065429688,True,1.073664372600615,1.3177871704101562,1.0,True,4.114597101602703,1.1146316528320312,1.0,True,0.0,1.0,0.4621430980041623,8.179350852966309,0.0,True,1.0,0.0,0.0
0.65,0.39850979327907265,34,100,16,65536,0.07303782389499247,9.788742065429688,True,1.0722568148281426,1.3177871704101562,1.0,True,4.1142466031946245,1.1146316528320312,1.0,True,0.0,1.0,0.47940269694663584,8.179350852966309,0.0,True,1.0,0.0,0.0
0.7,0.4485097932790726,34,100,16,65536,0.07714818208478391,9.788742065429688,True,1.0744955571833998,1.3177871704101562,1.0,True,4.109447272028774,1.1146926879882812,1.0,True,0.0,1.0,0.4781611040234566,8.179350852966309,0.0,True,1.0,0.0,0.0
0.75,0.49850979327907263,34,100,16,65536,0.0773056480102241,9.788742065429688,True,1.0718381074257195,1.3177871704101562,1.0,True,4.11716880700551,1.1146316528320312,1.0,True,0.0,1.0,0.4805630729533732,8.179350852966309,0.0,True,1.0,0.0,0.0
0.8,0.5485097932790727,34,100,16,65536,0.0761002148501575,9.788742065429688,True,1.0725787514355034,1.3177871704101562,1.0,True,4.1263079485856,1.11456298828125,1.0,True,0.0,1.0,0.48071615607477725,8.179282188415527,0.0,True,1.0,0.0,0.0
0.85,0.5985097932790726,34,100,16,65536,0.0775573889259249,9.788742065429688,True,1.069283553166315,1.3177871704101562,1.0,True,4.126222569029778,1.1146316528320312,1.0,True,0.0,1.0,0.4780989608261734,8.179350852966309,0.0,True,1.0,0.0,0.0
0.9,0.6485097932790727,34,100,16,65536,0.0775834359228611,9.788742065429688,True,1.072710776515305,1.3177947998046875,1.0,True,4.118957738624886,1.1146316528320312,1.0,True,0.0,1.0,0.4796602849382907,8.179350852966309,0.0,True,1.0,0.0,0.0
0.95,0.6985097932790726,34,100,16,65536,0.07675927085801959,9.788734436035156,True,1.0764874977525323,1.3177947998046875,1.0,True,4.088358313962817,1.1146316528320312,1.0,True,0.0,1.0,0.4759499100036919,8.179418563842773,0.0,True,1.0,0.0,0.0
0.5,0.014355610221002624,46,100,10,1024,0.07528824708424509,1.1197509765625,True,1.0522112546488642,1.3243637084960938,0.55,True,4.010924722999334,1.121307373046875,0.554,True,0.0,0.5480285097691465,0.7264912580139935,10.968942642211914,0.0,True,0.5480285097691469,0.001971490230853523,0.005971490230853527
0.55,0.06435561022100267,46,100,10,1024,0.07542490982450545,1.1197509765625,True,1.055980186443776,1.3243560791015625,0.6616,True,4.00676001617685,1.121368408203125,0.6736000000000001,True,0.0,0.6709095831314479,0.6377526959404349,10.968873977661133,0.0,True,0.6709095831314482,0.009309583131447918,0.0026904168685522034
0.6,0.1143556102210026,46,100,10,1024,0.05933135305531323,1.1197433471679688,True,1.0569494090974332,1.3243637084960938,0.6759999999999999,True,4.022320668864995,1.121307373046875,0.6659999999999999,True,0.0,0.6709095831314479,0.6396939118858427,10.968942642211914,0.25,True,0.6709095831314482,0.00509041686855205,0.004909583131447959
0.65,0.16435561022100265,46,100,10,1024,0.07566813379526138,1.1197509765625,True,1.058366767829284,1.3243637084960938,0.7750000000000001,True,4.005182737577707,1.121307373046875,0.7772,True,0.0,0.77927026104505,0.6548869488760829,10.968942642211914,1.0,True,0.7792702610450505,0.004270261045049906,0.002070261045050037
0.7,0.21435561022100258,46,100,10,1024,0.07634939113631845,1.1197509765625,True,1.0727618142031132,1.3243560791015625,1.0,True,4.013718176819384,1.1212997436523438,1.0,True,0.0,1.0,0.6336704529821873,10.968942642211914,0.3125,True,1.0,0.0,0.0
0.75,0.2643556102210026,46,100,10,1024,0.0758960940875113,1.1197509765625,True,1.072423677984625,1.3243560791015625,1.0,True,4.010683189937845,1.121307373046875,1.0,True,0.0,1.0,0.6373482160270214,10.968942642211914,0.3125,True,1.0,0.0,0.0
0.8,0.31435561022100267,46,100,10,1024,0.075779969105497,1.1197509765625,True,1.0753430134151132,1.3243560791015625,1.0,True,4.013152991142124,1.121307373046875,1.0,True,0.0,1.0,0.6335864490829408,10.969091415405273,0.8125,True,1.0,0.0,0.0
0.85,0.3643556102210026,46,100,10,1024,0.07255085906945169,1.1197509765625,True,1.067869037669152,1.3243560791015625,1.0,True,4.013886629184708,1.121307373046875,1.0,True,0.0,1.0,0.6344652699772269,10.968942642211914,0.3125,True,1.0,0.0,0.0
0.9,0.41435561022100265,46,100,10,1024,0.07527633802965283,1.1197509765625,True,1.0665320940315723,1.3243560791015625,1.0,True,4.016432133782655,1.121307373046875,1.0,True,0.0,1.0,0.6346100259106606,10.968942642211914,0.3125,True,1.0,0.0,0.0
0.95,0.4643556102210026,46,100,10,1024,0.0770984219852835,1.11981201171875,True,1.0699974274728448,1.3243560791015625,1.0,True,4.0073763709981,1.121307373046875,1.0,True,0.0,1.0,0.635552812134847,10.968942642211914,0.3125,True,1.0,0.0,0.0
0.5,0.21088492663314018,37,100,17,131072,0.08252525911666453,18.745986938476562,True,1.0935078964103013,1.3150558471679688,0.9156000000000001,True,4.139441335853189,1.1118545532226562,0.9170000000000001,True,0.0,0.9160834474969023,0.5428538399282843,8.54046630859375,0.0,True,0.9160834474969026,0.0004834474969022118,0.0009165525030978561
0.55,0.2608849266331402,37,100,17,131072,0.0828683830332011,18.745986938476562,True,1.0998030459973962,1.3150558471679688,1.0,True,4.174940951913595,1.111785888671875,1.0,True,4.0625,1.0,0.5286643810104579,8.54046630859375,0.0,True,1.0,0.0,0.0
0.6,0.31088492663314016,37,100,17,131072,0.08253364101983607,18.745986938476562,True,1.0919258426409215,1.3149948120117188,1.0,True,4.144686944549903,1.1118545532226562,1.0,True,4.0625,1.0,0.5295179220847785,8.54046630859375,0.0,True,1.0,0.0,0.0
0.65,0.3608849266331402,37,100,17,131072,0.08277609804645181,18.745986938476562,True,1.0978591886349023,1.3149948120117188,1.0,True,4.133910887176171,1.1118545532226562,1.0,True,4.0625,1.0,0.5301675649825484,8.54046630859375,0.0,True,1.0,0.0,0.0
0.7,0.41088492663314014,37,100,17,131072,0.08359712711535394,18.745986938476562,True,1.0835434453561903,1.3150558471679688,1.0,True,4.1579579469747845,1.111846923828125,1.0,True,16.4375,1.0,0.531631126999855,8.54046630859375,0.0,True,1.0,0.0,0.0
0.75,0.4608849266331402,37,100,17,131072,0.07680998696014285,18.745986938476562,True,1.0827115685679018,1.3150634765625,1.0,True,4.154346742387861,1.1118545532226562,1.0,True,4.0625,1.0,0.5295932409353554,8.54046630859375,0.0,True,1.0,0.0,0.0
0.8,0.5108849266331402,37,100,17,131072,0.08102325792424381,18.746047973632812,True,1.0850721130147576,1.3150558471679688,1.0,True,4.139244877407327,1.1118545532226562,1.0,True,4.0625,1.0,0.5284907170571387,8.54046630859375,0.0,True,1.0,0.0,0.0
0.85,0.5608849266331402,37,100,17,131072,0.08354643895290792,18.745986938476562,True,1.0821964173577725,1.3150558471679688,1.0,True,4.155706527410075,1.1118545532226562,1.0,True,4.0625,1.0,0.5292953308671713,8.54046630859375,0.0,True,1.0,0.0,0.0
0.9,0.6108849266331402,37,100,17,131072,0.08278192207217216,18.745986938476562,True,1.0798432885669171,1.3149948120117188,1.0,True,4.143233409849927,1.111846923828125,1.0,True,16.5,1.0,0.5304673369973898,8.54046630859375,0.0,True,1.0,0.0,0.0
0.95,0.6608849266331401,37,100,17,131072,0.08235262520611286,18.745986938476562,True,1.2149343822151422,1.3149948120117188,1.0,True,4.291562947863713,1.1118545532226562,1.0,True,4.125,1.0,0.5305557490792125,8.54046630859375,0.0,True,1.0,0.0,0.0
0.5,0.09432330036747438,40,100,12,4096,0.07243537809699774,1.2909698486328125,True,1.0799927301704884,1.2643051147460938,0.819,True,4.092356513580308,1.0747594833374023,0.825,True,0.0,0.8242465726439214,0.786691953195259,9.672883987426758,0.0,True,0.8242465726439214,0.005246572643921477,0.0007534273560785287
0.55,0.04432330036747434,40,100,12,4096,0.07153246295638382,1.2909698486328125,True,1.0654455990064888,1.2642974853515625,0.5978,True,4.209287216607481,1.0699529647827148,0.6058,True,0.0,0.6011661923059627,0.9111790498718619,9.672883987426758,0.0,True,0.6011661923059626,0.0033661923059626897,0.004633807694037317
0.6,0.005676699632525595,40,100,12,4096,0.0726714979391545,1.2909698486328125,True,1.0862213151529432,1.2643051147460938,0.47140000000000004,True,4.13525768360123,1.0724477767944336,0.47639999999999993,True,0.0,0.47659033695923164,0.7228602000977844,9.672883987426758,0.0,True,0.47659033695923164,0.005190336959231601,0.00019033695923170724
0.65,0.05567669963252564,40,100,12,4096,0.07197734480723739,1.2909622192382812,True,1.0659891298040747,1.2642364501953125,0.6396,True,4.098854334466159,1.0725011825561523,0.6448,True,0.0,0.6506432735134193,0.7867952000815421,9.672883987426758,0.0,True,0.6506432735134193,0.011043273513419383,0.005843273513419289
0.7,0.10567669963252557,40,100,12,4096,0.07023868104442954,1.2909698486328125,True,1.0788581139873714,1.2642974853515625,0.7398,True,4.095017193630338,1.0761785507202148,0.7356,True,0.0,0.728511530077784,0.8463825259823352,9.672883987426758,0.0,True,0.728511530077784,0.011288469922215993,0.007088469922216012
0.75,0.15567669963252562,40,100,12,4096,0.0714580649510026,1.2909698486328125,True,1.1116569221951067,1.2642364501953125,0.891,True,4.071560489013791,1.0718908309936523,0.8872,True,0.0,0.8916617143967962,0.7222752890083939,9.672883987426758,0.0,True,0.8916617143967962,0.0006617143967961869,0.0044617143967962125
0.8,0.20567669963252566,40,100,12,4096,0.07197046489454806,1.2909698486328125,True,1.078593617165461,1.2642974853515625,1.0,True,4.191036168206483,1.0696477890014648,1.0,True,0.0,1.0,0.5320856180042028,9.672883987426758,0.0,True,1.0,0.0,0.0
0.85,0.2556766996325256,40,100,12,4096,0.06565992091782391,1.2909698486328125,True,1.065371399000287,1.2642364501953125,1.0,True,4.125631704833358,1.0756750106811523,1.0,True,0.0,1.0,0.5415093081537634,9.672815322875977,0.0,True,1.0,0.0,0.0
0.9,0.30567669963252564,40,100,12,4096,0.08484944398514926,1.2909698486328125,True,1.0899085052311421,1.2642364501953125,1.0,True,4.115941387973725,1.0745916366577148,1.0,True,0.0,1.0,0.5324659200850874,9.672815322875977,0.0,True,1.0,0.0,0.0
0.95,0.3556766996325256,40,100,12,4096,0.07148408517241478,1.2909698486328125,True,1.0696143015287816,1.2643051147460938,1.0,True,4.0947111447807405,1.0741033554077148,1.0,True,0.0,1.0,0.5327359281945974,9.672883987426758,0.0,True,1.0,0.0,0.0
0.5,0.23698684810749088,36,100,13,8192,0.07517308602109551,2.6398696899414062,True,1.0898016282822938,1.2815399169921875,1.0,True,4.217515357350931,1.0989751815795898,1.0,True,0.0,1.0,0.5288964048959315,8.346904754638672,0.0,True,1.0,0.0,0.0
0.55,0.2869868481074909,36,100,13,8192,0.07478730799630284,2.639862060546875,True,1.1113563785795122,1.2815399169921875,1.0,True,4.194943894119933,1.0954198837280273,1.0,True,0.0,1.0,0.5255358559079468,8.346904754638672,0.0,True,1.0,0.0,0.0
0.6,0.33698684810749086,36,100,13,8192,0.07539602392353117,2.6398696899414062,True,1.110358919808641,1.2815399169921875,1.0,True,4.188318194588646,1.0991506576538086,1.0,True,0.0,1.0,0.528683755081147,8.346904754638672,0.0,True,1.0,0.0,0.0
0.65,0.3869868481074909,36,100,13,8192,0.06868545804172754,2.639862060546875,True,1.1036979706492276,1.2815399169921875,1.0,True,4.175853305868804,1.099043846130371,1.0,True,0.0,1.0,0.5294189618434757,8.346904754638672,0.0,True,1.0,0.0,0.0
0.7,0.43698684810749083,36,100,13,8192,0.059636629885062575,2.6398696899414062,True,1.0888975982088596,1.2815399169921875,1.0,True,4.189721215376631,1.0951910018920898,1.0,True,0.0,1.0,0.5299008029978722,8.346904754638672,0.0,True,1.0,0.0,0.0
0.75,0.4869868481074909,36,100,13,8192,0.07605773000977933,2.639862060546875,True,1.0860765668097883,1.2815475463867188,1.0,True,4.1934721801895645,1.0999517440795898,1.0,True,0.0,1.0,0.5303170459810644,8.346904754638672,0.0,True,1.0,0.0,0.0
0.8,0.5369868481074909,36,100,13,8192,0.07436709897592664,2.6398696899414062,True,1.0912834254093469,1.2815399169921875,1.0,True,4.208499048184604,1.0950613021850586,1.0,True,0.0,1.0,0.5295920900534838,8.34683609008789,0.0,True,1.0,0.0,0.0
0.85,0.5869868481074909,36,100,13,8192,0.07520886487327516,2.639862060546875,True,1.0911354172043501,1.2815399169921875,1.0,True,4.2260961174499245,1.0981130599975586,1.0,True,0.0,1.0,0.5306553530972451,8.346904754638672,0.0,True,1.0,0.0,0.0
0.9,0.636986848107491,36,100,13,8192,0.07476382190361619,2.6398696899414062,True,1.095713214809075,1.2815475463867188,1.0,True,4.200868619745597,1.0917043685913086,1.0,True,0.0,1.0,0.528868658002466,8.346904754638672,0.0,True,1.0,0.0,0.0
0.95,0.6869868481074908,36,100,13,8192,0.07596020004712045,2.6398696899414062,True,1.1017579092644154,1.2815399169921875,1.0,True,4.183252809057012,1.1065969467163086,1.0,True,0.0,1.0,0.5283457629848272,8.346904754638672,0.0,True,1.0,0.0,0.0
0.5,0.2806479885474258,31,100,12,4096,0.07547559402883053,1.766845703125,True,1.1126328938640655,1.3150253295898438,1.0,True,4.231903422623873,1.1117782592773438,1.0,True,0.0,1.0,0.4519004439935088,7.215132713317871,0.0,True,1.0,0.0,0.0
0.55,0.33064798854742583,31,100,12,4096,0.07520996988750994,1.734405517578125,True,1.114353876421228,1.3149642944335938,1.0,True,4.205736126564443,1.1118392944335938,1.0,True,0.0,1.0,0.4515747220721096,7.215132713317871,0.0,True,1.0,0.0,0.0
0.6,0.38064798854742576,31,100,12,4096,0.10286313900724053,1.734466552734375,True,1.101648425636813,1.3150253295898438,1.0,True,4.23079098300077,1.1117782592773438,1.0,True,0.0,1.0,0.4552258939947933,7.21506404876709,0.0,True,1.0,0.0,0.0
0.65,0.4306479885474258,31,100,12,4096,0.07428639894351363,1.734405517578125,True,1.0991244946140797,1.315032958984375,1.0,True,4.22986609172076,1.1117782592773438,1.0,True,0.0,1.0,0.4514647370669991,7.215132713317871,0.0,True,1.0,0.0,0.0
0.7,0.48064798854742574,31,100,12,4096,0.07597075891681015,1.734405517578125,True,1.1130368357058615,1.3150253295898438,1.0,True,4.748382188519463,1.1117706298828125,1.0,True,0.0,1.0,0.4547760379500687,7.215132713317871,0.0,True,1.0,0.0,0.0
0.75,0.5306479885474258,31,100,12,4096,0.07507168292067945,1.734405517578125,True,1.117323058564216,1.3150253295898438,1.0,True,4.241713519394398,1.1117782592773438,1.0,True,0.0,1.0,0.4537013550288975,7.215132713317871,0.0,True,1.0,0.0,0.0
0.8,0.5806479885474258,31,100,12,4096,0.07490229397080839,1.7343368530273438,True,1.1204006172716618,1.3150253295898438,1.0,True,4.238795829843729,1.1117782592773438,1.0,True,0.0,1.0,0.4306468509603292,7.232146263122559,0.0,True,1.0,0.0,0.0
0.85,0.6306479885474258,31,100,12,4096,0.07452969904989004,1.7343978881835938,True,1.1135723359882832,1.315032958984375,1.0,True,4.22407864164561,1.1117782592773438,1.0,True,0.0,1.0,0.4546247669495642,7.21506404876709,0.0,True,1.0,0.0,0.0
0.9,0.6806479885474258,31,100,12,4096,0.0742528960108757,1.7343978881835938,True,1.0985974818002433,1.3150253295898438,1.0,True,4.218163053365425,1.1117782592773438,1.0,True,0.0,1.0,0.4548054269980639,7.21506404876709,0.0,True,1.0,0.0,0.0
0.95,0.7306479885474257,31,100,12,4096,0.10069290618412197,1.7343978881835938,True,1.102777608949691,1.315032958984375,1.0,True,4.242885939450934,1.1117782592773438,1.0,True,0.0,1.0,0.45458284206688404,7.215132713317871,0.0,True,1.0,0.0,0.0
0.5,0.16889157143885836,40,100,9,512,0.07866692799143493,1.2150955200195312,True,1.0881150282453746,1.419830322265625,1.0,True,4.15401472277008,1.2166519165039062,1.0,True,0.0,1.0,0.5686308599542826,8.957069396972656,0.0,True,1.0,0.0,0.0
0.55,0.2188915714388584,40,100,9,512,0.07877498818561435,1.21502685546875,True,1.08428231398575,1.4197616577148438,1.0,True,4.159475224884227,1.2166519165039062,1.0,True,0.0,1.0,0.5809396777767688,8.957138061523438,0.0,True,1.0,0.0,0.0
0.6,0.26889157143885833,40,100,9,512,0.07008218299597502,1.21502685546875,True,1.1003234032075853,1.4197616577148438,1.0,True,4.124136465974152,1.216583251953125,1.0,True,0.0,1.0,0.5824804920703173,8.957138061523438,0.0,True,1.0,0.0,0.0
0.65,0.3188915714388584,40,100,9,512,0.07949528400786221,1.215087890625,True,1.1007367975078524,1.4198226928710938,1.0,True,4.11728642177768,1.2166519165039062,1.0,True,0.0,1.0,0.5811065121088177,8.957138061523438,0.0,True,1.0,0.0,0.0
0.7,0.3688915714388583,40,100,9,512,0.079447734169662,1.2150955200195312,True,1.0960159279871733,1.4197616577148438,1.0,True,4.1446936163585635,1.2166519165039062,1.0,True,0.0,1.0,0.582525314996019,8.957138061523438,0.0,True,1.0,0.0,0.0
0.75,0.41889157143885836,40,100,9,512,0.07843791204504669,1.2150955200195312,True,1.1006165036465974,1.4198226928710938,1.0,True,4.13837533723563,1.216583251953125,1.0,True,0.0,1.0,0.5659833068493754,8.957138061523438,0.0,True,1.0,0.0,0.0
0.8,0.4688915714388584,40,100,9,512,0.07844412117265165,1.2150955200195312,True,1.0885455083101987,1.4198226928710938,1.0,True,4.137545147212222,1.2166519165039062,1.0,True,0.0,1.0,0.5815185478422791,8.957138061523438,0.0,True,1.0,0.0,0.0
0.85,0.5188915714388583,40,100,9,512,0.0646297528874129,1.2150955200195312,True,1.2595130899455398,1.4198226928710938,1.0,True,4.22325171190314,1.216583251953125,1.0,True,0.0,1.0,0.6071736072190106,8.957138061523438,0.0,True,1.0,0.0,0.0
0.9,0.5688915714388584,40,100,9,512,0.07960095000453293,1.2151565551757812,True,1.0853440400678664,1.4198226928710938,1.0,True,4.265935001382604,1.2166519165039062,1.0,True,0.0,1.0,0.5828954160679132,8.957138061523438,0.0,True,1.0,0.0,0.0
0.95,0.6188915714388583,40,100,9,512,0.07989258505403996,1.2151565551757812,True,1.0914002446457745,1.4198226928710938,1.0,True,4.15463881357573,1.216644287109375,1.0,True,0.0,1.0,0.5812710260506719,8.957069396972656,0.0,True,1.0,0.0,0.0
0.5,0.14135301747366585,31,100,14,16384,0.07804813189432025,3.100677490234375,True,1.264271127153188,1.3476333618164062,0.8628,True,4.3001769909169525,1.1444625854492188,0.851,True,0.0,0.8571217989341862,0.6509611238725483,7.519708633422852,0.0,True,0.8571217989341862,0.005678201065813848,0.0061217989341861845
0.55,0.1913530174736659,31,100,14,16384,0.0768728400580585,3.1006088256835938,True,1.160379773611203,1.3476943969726562,1.0,True,4.535134569648653,1.1443939208984375,1.0,True,0.0,1.0,0.4706173378508538,7.519708633422852,0.0,True,1.0,0.0,0.0
0.6,0.24135301747366583,31,100,14,16384,0.07861729501746595,3.100677490234375,True,1.0969671001657844,1.3476943969726562,1.0,True,4.198483308404684,1.1444625854492188,1.0,True,0.0,1.0,0.470020238077268,7.51963996887207,0.0,True,1.0,0.0,0.0
0.65,0.2913530174736659,31,100,14,16384,0.07900121877901256,3.100677490234375,True,1.101648202072829,1.3477020263671875,1.0,True,4.210468621412292,1.1444625854492188,1.0,True,0.0,1.0,0.47088171914219856,7.51963996887207,0.0,True,1.0,0.0,0.0
0.7,0.3413530174736658,31,100,14,16384,0.07711756811477244,3.100677490234375,True,1.09462789776735,1.3476333618164062,1.0,True,4.211036468204111,1.1444625854492188,1.0,True,0.0,1.0,0.46841018297709525,7.519708633422852,0.0,True,1.0,0.0,0.0
0.75,0.39135301747366585,31,100,14,16384,0.07643342996016145,3.100677490234375,True,1.0973955777939408,1.3476333618164062,1.0,True,4.219110141508281,1.1444625854492188,1.0,True,0.0,1.0,0.4615841959603131,7.519708633422852,0.0,True,1.0,0.0,0.0
0.8,0.4413530174736659,31,100,14,16384,0.07759208302013576,3.1006698608398438,True,1.1152394350152464,1.3476943969726562,1.0,True,4.181245346926152,1.1444549560546875,1.0,True,0.0,1.0,0.46984410216100514,7.51963996887207,0.0,True,1.0,0.0,0.0
0.85,0.49135301747366583,31,100,14,16384,0.07648600591346622,3.100677490234375,True,1.1146192623768,1.3476943969726562,1.0,True,4.2003585448022935,1.1443939208984375,1.0,True,0.0,1.0,0.4711753479205072,7.519708633422852,0.0,True,1.0,0.0,0.0
0.9,0.5413530174736658,31,100,14,16384,0.07672139001078904,3.1006698608398438,True,1.1096365689765662,1.3476333618164062,1.0,True,4.191411973210052,1.1444549560546875,1.0,True,0.0,1.0,0.47153383307158947,7.519708633422852,0.0,True,1.0,0.0,0.0
0.95,0.5913530174736659,31,100,14,16384,0.06798352999612689,3.100677490234375,True,1.0978288743644953,1.3476943969726562,1.0,True,4.204083691351116,1.1444625854492188,1.0,True,0.0,1.0,0.47181238513439894,7.519708633422852,0.0,True,1.0,0.0,0.0
0.5,0.08660578998195362,39,100,11,2048,0.07491360907442868,1.2164993286132812,True,1.087044346006587,1.2821044921875,0.7888000000000001,True,4.17477375343442,1.0945425033569336,0.7904000000000001,True,0.0,0.7912222368373584,0.5656918440945446,8.762803077697754,0.0,True,0.7912222368373579,0.002422236837358316,0.00082223683735827
0.55,0.13660578998195366,39,100,11,2048,0.07531279511749744,1.2164993286132812,True,1.0911295251920818,1.28204345703125,0.7834,True,4.165948952175677,1.0834875106811523,0.7910000000000001,True,0.0,0.7912222368373584,0.564598951023072,8.762803077697754,0.0,True,0.7912222368373579,0.007822236837358387,0.00022223683735822508
0.6,0.1866057899819536,39,100,11,2048,0.07409628387540579,1.2164993286132812,True,1.089541168976575,1.2821044921875,0.7976000000000001,True,4.1587521838024255,1.0839300155639648,0.7904,True,0.0,0.7912222368373584,0.5643788629677147,8.762803077697754,0.0,True,0.7912222368373579,0.006377763162641714,0.000822236837358381
0.65,0.23660578998195364,39,100,11,2048,0.07427305309101939,1.21649169921875,True,1.0870350912213325,1.28204345703125,1.0,True,4.167486607981846,1.0888051986694336,1.0,True,0.0,1.0,0.5589442460332066,8.762734413146973,0.0,True,1.0,0.0,0.0
0.7,0.2866057899819536,39,100,11,2048,0.07424850901588798,1.2164993286132812,True,1.105708586005494,1.2821044921875,1.0,True,4.149996089423075,1.0886754989624023,1.0,True,0.0,1.0,0.5625118431635201,8.762803077697754,0.0,True,1.0,0.0,0.0
0.75,0.3366057899819536,39,100,11,2048,0.07564452802762389,1.2164993286132812,True,1.1048018890433013,1.28204345703125,1.0,True,4.14974785624072,1.092116355895996,1.0,True,0.0,1.0,0.5620637608226389,8.762803077697754,0.0,True,1.0,0.0,0.0
0.8,0.38660578998195366,39,100,11,2048,0.07238408899866045,1.2164993286132812,True,1.1063779436051846,1.2821121215820312,1.0,True,4.166747626895085,1.0919179916381836,1.0,True,0.0,1.0,0.5634089289233088,8.762803077697754,0.0,True,1.0,0.0,0.0
0.85,0.4366057899819536,39,100,11,2048,0.07367310300469398,1.2164993286132812,True,1.0876225827727466,1.28204345703125,1.0,True,4.170154172088951,1.0896062850952148,1.0,True,0.0,1.0,0.5618935220409185,8.762803077697754,0.0,True,1.0,0.0,0.0
0.9,0.48660578998195364,39,100,11,2048,0.07614623894914985,1.21649169921875,True,1.091646452387795,1.2821044921875,1.0,True,4.181364337634295,1.0879507064819336,1.0,True,0.0,1.0,0.5532960719428957,8.762734413146973,0.0,True,1.0,0.0,0.0
0.95,0.5366057899819536,39,100,11,2048,0.07442386308684945,1.2164993286132812,True,1.0910621773917228,1.2821044921875,1.0,True,4.173496405454353,1.0906286239624023,1.0,True,0.0,1.0,0.562040301039815,8.762803077697754,0.0,True,1.0,0.0,0.0
0.5,0.13907143441589725,32,100,19,524288,0.10224747494794428,72.7335205078125,True,1.0763286833651364,1.3275375366210938,1.0,True,4.12349247802049,1.1243743896484375,1.0,True,189.6875,1.0,0.45966835389845073,7.846327781677246,0.0,True,1.0,0.0,0.0
0.55,0.1890714344158973,32,100,19,524288,0.10254900110885501,72.7335205078125,True,1.0923602542374282,1.3275299072265625,1.0,True,4.118032891210168,1.1243743896484375,1.0,True,189.6875,1.0,0.4594514979980886,7.87401008605957,0.0,True,1.0,0.0,0.0
0.6,0.23907143441589723,32,100,19,524288,0.10138308606110513,72.7335205078125,True,1.0984503353945911,1.3274688720703125,1.0,True,4.125681533338502,1.1243743896484375,1.0,True,189.6875,1.0,0.46036042785272,7.846327781677246,0.0,True,1.0,0.0,0.0
0.65,0.2890714344158973,32,100,19,524288,0.10263043805025518,72.7335205078125,True,1.0931731685996056,1.3274688720703125,1.0,True,4.128669006749988,1.1243743896484375,1.0,True,189.6875,1.0,0.453963482985273,7.846259117126465,0.0,True,1.0,0.0,0.0
0.7,0.3390714344158972,32,100,19,524288,0.10128731303848326,72.73351287841797,True,1.0806079162284732,1.3275985717773438,1.0,True,4.142789090657606,1.1243743896484375,1.0,True,189.6875,1.0,0.4901796199847013,7.846259117126465,0.0,True,1.0,0.0,0.0
0.75,0.38907143441589725,32,100,19,524288,0.10123691498301923,72.7335205078125,True,1.0828823320101946,1.3275299072265625,1.0,True,4.1337454344611615,1.1243743896484375,1.0,True,189.6875,1.0,0.46032384992577136,7.846327781677246,0.0,True,1.0,0.0,0.0
0.8,0.4390714344158973,32,100,19,524288,0.10186412697657943,72.7335205078125,True,1.0825080852024258,1.3275375366210938,1.0,True,4.121656552236527,1.1243667602539062,1.0,True,189.6875,1.0,0.45975126000121236,7.876471519470215,0.0,True,1.0,0.0,0.0
0.85,0.48907143441589723,32,100,19,524288,0.1012660339474678,72.7335205078125,True,1.0838465565815567,1.3275375366210938,1.0,True,4.136896154982969,1.1243743896484375,1.0,True,185.5625,1.0,0.46251257904805243,7.846327781677246,0.0,True,1.0,0.0,0.0
0.9,0.5390714344158973,32,100,19,524288,0.10168832400813699,72.73351287841797,True,1.0948996304534375,1.3275299072265625,1.0,True,4.155002580955625,1.1243743896484375,1.0,True,181.625,1.0,0.46047427598387003,7.846327781677246,0.0,True,1.0,0.0,0.0
0.95,0.5890714344158972,32,100,19,524288,0.10263139777816832,72.7335205078125,True,1.0890706568025053,1.3274688720703125,1.0,True,4.1584216191899035,1.1243743896484375,1.0,True,184.75,1.0,0.4572955381590873,7.846327781677246,0.0,True,1.0,0.0,0.0
0.5,0.1659017318688072,44,100,10,1024,0.07691229484044015,1.135009765625,True,1.0533905637916177,1.3395767211914062,0.8106,True,4.031359363393858,1.1365737915039062,0.8038000000000001,True,0.0,0.8125498138550178,0.884787815855816,10.427290916442871,0.0,True,0.812549813855018,0.0019498138550178012,0.008749813855017718
0.55,0.21590173186880723,44,100,10,1024,0.07612380897626281,1.1350173950195312,True,1.0576726005878299,1.3395767211914062,1.0,True,4.0199237714521585,1.1365737915039062,1.0,True,0.0,0.9999999999999999,0.6131481579504907,10.42722225189209,0.0,True,0.9999999999999999,1.1102230246251565e-16,1.1102230246251565e-16
0.6,0.26590173186880717,44,100,10,1024,0.07380228396505117,1.1350173950195312,True,1.0552083351649344,1.3395767211914062,1.0,True,4.017592611163854,1.1365737915039062,1.0,True,0.0,0.9999999999999999,0.6186572909355164,10.42722225189209,0.0,True,0.9999999999999999,1.1102230246251565e-16,1.1102230246251565e-16
0.65,0.3159017318688072,44,100,10,1024,0.07493431214243174,1.1350173950195312,True,1.053004172258079,1.3395156860351562,1.0,True,4.02369776442647,1.1365737915039062,1.0,True,0.0,0.9999999999999999,0.6170896359253675,10.427290916442871,0.0,True,0.9999999999999999,1.1102230246251565e-16,1.1102230246251565e-16
0.7,0.36590173186880715,44,100,10,1024,0.07677217200398445,1.1350173950195312,True,1.0596850761212409,1.3395767211914062,1.0,True,4.023562600882724,1.1366348266601562,1.0,True,0.0,0.9999999999999999,0.6163324760273099,10.427290916442871,0.0,True,0.9999999999999999,1.1102230246251565e-16,1.1102230246251565e-16
0.75,0.4159017318688072,44,100,10,1024,0.0763458819128573,1.1350173950195312,True,1.063039226969704,1.3395767211914062,1.0,True,3.9925229836255314,1.1365737915039062,1.0,True,0.0,0.9999999999999999,0.6152882850728929,10.427290916442871,0.0,True,0.9999999999999999,1.1102230246251565e-16,1.1102230246251565e-16
0.8,0.46590173186880723,44,100,10,1024,0.07590634399093688,1.1350173950195312,True,1.0729163405951112,1.3395767211914062,1.0,True,4.020292580593377,1.1365737915039062,1.0,True,0.0,0.9999999999999999,0.6167513418477029,10.427290916442871,0.0,True,0.9999999999999999,1.1102230246251565e-16,1.1102230246251565e-16
0.85,0.5159017318688072,44,100,10,1024,0.07628489099442959,1.1350784301757812,True,1.0689565957989544,1.3395767211914062,1.0,True,4.010185491992161,1.1365737915039062,1.0,True,0.0,0.9999999999999999,0.6146237801294774,10.427290916442871,0.0,True,0.9999999999999999,1.1102230246251565e-16,1.1102230246251565e-16
0.9,0.5659017318688072,44,100,10,1024,0.07596416492015123,1.1350173950195312,True,1.072261640476063,1.3395843505859375,1.0,True,4.007779464824125,1.1365737915039062,1.0,True,0.0,0.9999999999999999,0.6129598980769515,10.42722225189209,0.0,True,0.9999999999999999,1.1102230246251565e-16,1.1102230246251565e-16
0.95,0.6159017318688071,44,100,10,1024,0.05948572210036218,1.135009765625,True,1.0825389654841273,1.3395767211914062,1.0,True,3.9979146192315964,1.1365737915039062,1.0,True,0.0,0.9999999999999999,0.6137610881123692,10.427290916442871,0.0,True,0.9999999999999999,1.1102230246251565e-16,1.1102230246251565e-16
0.5,0.2246439208314418,41,100,14,16384,0.07768964511342347,3.0029296875,True,1.080839423602447,1.33795166015625,0.9481999999999999,True,4.131301858974621,1.1347732543945312,0.937,True,0.0,0.9419398402753221,0.8155324109829962,9.239136695861816,0.0,True,0.9419398402753218,0.006260159724677861,0.004939840275322016
0.55,0.27464392083144185,41,100,14,16384,0.07886314298957586,3.00286865234375,True,1.0881356939673423,1.3379440307617188,1.0,True,4.1416830535978075,1.1347732543945312,1.0,True,0.0,1.0,0.5828666319139302,9.239205360412598,0.0,True,1.0,0.0,0.0
0.6,0.3246439208314418,41,100,14,16384,0.07805298012681305,3.00286865234375,True,1.08399335895665,1.3379440307617188,1.0,True,4.153642428759485,1.1347732543945312,1.0,True,0.0,1.0,0.5823532529175282,9.239205360412598,0.0,True,1.0,0.0,0.0
0.65,0.3746439208314418,41,100,14,16384,0.07773875002749264,3.00286865234375,True,1.0850990314036608,1.3379440307617188,1.0,True,4.119885110203176,1.1347732543945312,1.0,True,0.0,1.0,0.5846222040709108,9.239205360412598,0.0,True,1.0,0.0,0.0
0.7,0.42464392083144176,41,100,14,16384,0.07798640290275216,3.00286865234375,True,1.10090268580243,1.3378829956054688,1.0,True,4.121894993027672,1.1347732543945312,1.0,True,0.0,1.0,0.5858757582027465,9.239205360412598,0.0,True,1.0,0.0,0.0
0.75,0.4746439208314418,41,100,14,16384,0.07819452392868698,3.00286865234375,True,1.092423952044919,1.3379440307617188,1.0,True,4.131654007686302,1.1347732543945312,1.0,True,0.0,1.0,0.5863723820075393,9.239205360412598,0.0,True,1.0,0.0,0.0
0.8,0.5246439208314418,41,100,14,16384,0.07742174994200468,3.00286865234375,True,1.101930302195251,1.3379440307617188,1.0,True,4.123964913329109,1.13470458984375,1.0,True,0.0,1.0,0.5854535400867462,9.239205360412598,0.0,True,1.0,0.0,0.0
0.85,0.5746439208314418,41,100,14,16384,0.07932184683158994,3.00286865234375,True,1.082106255600229,1.3379440307617188,1.0,True,4.145068842917681,1.13470458984375,1.0,True,0.0,1.0,0.5843988249544054,9.239205360412598,0.0,True,1.0,0.0,0.0
0.9,0.6246439208314418,41,100,14,16384,0.0785630838945508,3.00286865234375,True,1.0863407734315842,1.3378829956054688,1.0,True,4.136041815765202,1.1347732543945312,1.0,True,0.0,1.0,0.5860038860701025,9.239205360412598,0.0,True,1.0,0.0,0.0
0.95,0.6746439208314418,41,100,14,16384,0.07913513109087944,3.00286865234375,True,1.081133345561102,1.3378829956054688,1.0,True,4.147487877635285,1.1347732543945312,1.0,True,0.0,1.0,0.5826681859325618,9.239205360412598,0.0,True,1.0,0.0,0.0
0.5,0.14726710651991254,38,100,13,8192,0.07728267507627606,1.8716659545898438,True,1.092320935614407,1.3220138549804688,0.8123999999999999,True,4.178035339992493,1.1188278198242188,0.8246,True,0.0,0.8159849391683975,0.5867161839269102,8.662898063659668,0.0,True,0.8159849391683975,0.0035849391683976384,0.008615060831602461
0.55,0.19726710651991258,38,100,13,8192,0.07714760699309409,1.8716659545898438,True,1.1121985561680048,1.322021484375,0.9587999999999999,True,4.171764318831265,1.1188201904296875,0.9594000000000001,True,0.0,0.9569993078789337,0.5764323258772492,8.66296672821045,0.0,True,0.9569993078789335,0.0018006921210661497,0.0024006921210664167
0.6,0.24726710651991252,38,100,13,8192,0.06069851387292147,1.8716659545898438,True,1.10222726482898,1.3219528198242188,1.0,True,4.163946374226361,1.1188278198242188,1.0,True,0.0,1.0,0.5585322149563581,8.662898063659668,0.0,True,1.0,0.0,0.0
0.65,0.29726710651991256,38,100,13,8192,0.07541922410018742,1.8716659545898438,True,1.0886798386927694,1.322021484375,1.0,True,4.159426680812612,1.1188278198242188,1.0,True,0.0,1.0,0.560468717943877,8.662898063659668,0.0,True,1.0,0.0,0.0
0.7,0.3472671065199125,38,100,13,8192,0.07669806410558522,1.8716659545898438,True,1.0990009658038615,1.3220138549804688,1.0,True,4.194386707060039,1.1188201904296875,1.0,True,0.0,1.0,0.6452206559479237,8.662898063659668,0.0,True,1.0,0.0,0.0
0.75,0.39726710651991254,38,100,13,8192,0.0762285168748349,1.8717269897460938,True,1.0858871682547033,1.3220138549804688,1.0,True,4.171624951995909,1.1188278198242188,1.0,True,0.0,1.0,0.5609744449611753,8.66296672821045,0.0,True,1.0,0.0,0.0
0.8,0.4472671065199126,38,100,13,8192,0.07689134310930967,1.8717269897460938,True,1.091225792421028,1.3220138549804688,1.0,True,4.178860661806539,1.1188201904296875,1.0,True,0.0,1.0,0.5609360469970852,8.66296672821045,0.0,True,1.0,0.0,0.0
0.85,0.4972671065199125,38,100,13,8192,0.07672920497134328,1.8716659545898438,True,1.1032962835859508,1.3220138549804688,1.0,True,4.155512231215835,1.1188278198242188,1.0,True,0.0,1.0,0.55832793796435,8.662898063659668,0.0,True,1.0,0.0,0.0
0.9,0.5472671065199126,38,100,13,8192,0.07684795302338898,1.8716659545898438,True,1.100575959449634,1.322021484375,1.0,True,4.139464917778969,1.1188278198242188,1.0,True,0.0,1.0,0.5568616818636656,8.66296672821045,0.0,True,1.0,0.0,0.0
0.95,0.5972671065199124,38,100,13,8192,0.0772561898920685,1.8716659545898438,True,1.1027553722262382,1.322021484375,1.0,True,4.162895251205191,1.1188278198242188,1.0,True,0.0,1.0,0.538045102963224,8.66296672821045,0.0,True,1.0,0.0,0.0
0.5,0.06706157557516101,42,100,7,128,0.07461944385431707,1.1064224243164062,True,1.0808839640580117,1.3112411499023438,1.0,True,4.164834780804813,1.1079864501953125,1.0,True,0.0,1.0,0.5942689820658416,9.535537719726562,0.0,True,1.0,0.0,0.0
0.55,0.01706157557516097,42,100,7,128,0.07433771202340722,1.1064300537109375,True,1.169384319987148,1.3111724853515625,0.5856,True,4.171353240590543,1.1079864501953125,0.5866,True,0.0,0.5869678613955729,0.6082796738483012,9.535537719726562,0.0,True,0.586967861395573,0.001367861395572878,0.0003678613955728771
0.6,0.032938424424838963,42,100,7,128,0.07589807501062751,1.1064224243164062,True,1.0839908530935645,1.3111724853515625,1.0,True,4.282910323236138,1.1079864501953125,1.0,True,0.0,1.0,0.5940907918848097,9.535537719726562,0.0,True,1.0,0.0,0.0
0.65,0.08293842442483901,42,100,7,128,0.07544952910393476,1.1064300537109375,True,1.1052358514163643,1.3111114501953125,1.0,True,4.150681126024574,1.1079864501953125,1.0,True,0.0,1.0,0.5945883640088141,9.535537719726562,0.0,True,1.0,0.0,0.0
0.7,0.13293842442483894,42,100,7,128,0.07467755279503763,1.1064300537109375,True,1.1006254274398088,1.3111724853515625,1.0,True,4.139069650229066,1.1080474853515625,1.0,True,0.0,1.0,0.5940440930426121,9.535537719726562,0.0,True,1.0,0.0,0.0
0.75,0.18293842442483899,42,100,7,128,0.07484256918542087,1.1064910888671875,True,1.09033376974985,1.3111801147460938,1.0,True,4.144360515242442,1.1079788208007812,1.0,True,0.0,1.0,0.5881476509384811,9.535537719726562,0.0,True,1.0,0.0,0.0
0.8,0.23293842442483903,42,100,7,128,0.07399321999400854,1.1064224243164062,True,1.0858982141129672,1.3111114501953125,1.0,True,4.163271749392152,1.1079864501953125,1.0,True,0.0,1.0,0.6217101491056383,9.535537719726562,0.0,True,1.0,0.0,0.0
0.85,0.28293842442483896,42,100,7,128,0.05657391203567386,1.1064224243164062,True,1.0822243121918291,1.3111801147460938,1.0,True,4.141484594764188,1.1079788208007812,1.0,True,0.0,1.0,0.5935871379915625,9.535537719726562,0.0,True,1.0,0.0,0.0
0.9,0.332938424424839,42,100,7,128,0.07440373301506042,1.1064300537109375,True,1.0855480128433554,1.3111724853515625,1.0,True,4.165963691845536,1.1079864501953125,1.0,True,0.0,1.0,0.5935068209655583,9.535469055175781,0.0,True,1.0,0.0,0.0
0.95,0.38293842442483894,42,100,7,128,0.07518521579913795,1.1064300537109375,True,1.088938289368525,1.3111724853515625,1.0,True,4.1524952061474325,1.113058090209961,1.0,True,0.0,1.0,0.5961428938899189,9.535537719726562,0.0,True,1.0,0.0,0.0
0.5,0.18977698011532884,36,100,18,262144,0.08820376987569034,36.73780059814453,True,1.0504686212632806,1.3000411987304688,1.0,True,4.004199209436774,1.09698486328125,1.0,True,61.8125,1.0,0.5198430579621345,9.103632926940918,0.0,True,1.0,0.0,0.0
0.55,0.23977698011532889,36,100,18,262144,0.08770977100357413,36.73780059814453,True,1.0359948245808481,1.3000411987304688,1.0,True,3.9155610432382675,1.0969924926757812,1.0,True,49.4375,1.0,0.5209468631073833,9.103632926940918,0.0,True,1.0,0.0,0.0
0.6,0.2897769801153288,36,100,18,262144,0.08744760393165052,36.73780059814453,True,1.0468977682758123,1.3000411987304688,1.0,True,3.907548559969291,1.0969924926757812,1.0,True,49.4375,1.0,0.5222146939486265,9.103632926940918,0.0,True,1.0,0.0,0.0
0.65,0.33977698011532886,36,100,18,262144,0.08841890003532171,36.73779296875,True,1.0484943570103495,1.2999801635742188,1.0,True,3.9445054130628705,1.0969924926757812,1.0,True,61.8125,1.0,0.5168767860159278,9.103632926940918,0.0,True,1.0,0.0,0.0
0.7,0.3897769801153288,36,100,18,262144,0.0884260949678719,36.73780059814453,True,1.0412799530196934,1.3000411987304688,1.0,True,3.9219231008552016,1.0969924926757812,1.0,True,57.6875,1.0,0.5219746120274067,9.103632926940918,0.0,True,1.0,0.0,0.0
0.75,0.43977698011532884,36,100,18,262144,0.08540523308329284,36.73780059814453,True,1.0662837128154934,1.3000411987304688,1.0,True,3.904880556836724,1.0969924926757812,1.0,True,49.4375,1.0,0.5214401660487056,9.103632926940918,0.0,True,1.0,0.0,0.0
0.8,0.4897769801153289,36,100,18,262144,0.08685980783775449,36.73780059814453,True,1.0479825939051808,1.300048828125,1.0,True,3.916126710176468,1.096923828125,1.0,True,49.4375,1.0,0.5196760150138289,9.103632926940918,0.0,True,1.0,0.0,0.0
0.85,0.5397769801153288,36,100,18,262144,0.08832942391745746,36.73780059814453,True,1.0562391339801251,1.2999801635742188,1.0,True,3.9173480997793377,1.0969924926757812,1.0,True,49.4375,1.0,0.5213282478507608,9.103632926940918,0.0,True,1.0,0.0,0.0
0.9,0.5897769801153289,36,100,18,262144,0.08815530617721379,36.73780059814453,True,1.044852211792022,1.2999801635742188,1.0,True,3.9205634973943235,1.09698486328125,1.0,True,49.4375,1.0,0.5186339248903096,9.103564262390137,0.0,True,1.0,0.0,0.0
0.95,0.6397769801153288,36,100,18,262144,0.07047408912330866,36.73779296875,True,1.0510009840596468,1.2999801635742188,1.0,True,3.910390549432486,1.0969924926757812,1.0,True,49.4375,1.0,0.5185815759468824,9.103632926940918,0.0,True,1.0,0.0,0.0
0.5,0.04660926108686425,41,100,12,4096,0.07492725690826774,1.3109893798828125,True,1.070751561736688,1.3075790405273438,1.0,True,4.077028593607247,1.1043624877929688,1.0,True,0.0,1.0,0.5869376519694924,9.340559005737305,0.0,True,1.0,0.0,0.0
0.55,0.0033907389131357935,41,100,12,4096,0.07632907992228866,1.3109893798828125,True,1.0760914236307144,1.3075790405273438,0.5692,True,4.06671426538378,1.1043624877929688,0.5614,True,0.0,0.5614836147023027,0.5794010211247951,9.339471817016602,0.0,True,0.5614836147023023,0.007716385297697359,8.36147023026701e-05
0.6,0.05339073891313573,41,100,12,4096,0.07609282806515694,1.3109893798828125,True,1.0802078840322793,1.3075790405273438,1.0,True,4.064819548837841,1.1042938232421875,1.0,True,0.0,1.0,0.5878862501122057,9.339471817016602,0.0,True,1.0,0.0,0.0
0.65,0.10339073891313577,41,100,12,4096,0.07619071588851511,1.3107795715332031,True,1.0778892581816764,1.3075790405273438,1.0,True,4.074169448390603,1.1043624877929688,1.0,True,0.0,1.0,0.5857047019526362,9.339471817016602,0.0,True,1.0,0.0,0.0
0.7,0.1533907389131357,41,100,12,4096,0.07600684906356037,1.3109893798828125,True,1.0837933292612434,1.307586669921875,1.0,True,4.0635256703011695,1.1043624877929688,1.0,True,0.0,1.0,0.5665994968730956,9.339471817016602,0.0,True,1.0,0.0,0.0
0.75,0.20339073891313575,41,100,12,4096,0.07489180308766663,1.3109817504882812,True,1.0899587006308138,1.3075790405273438,1.0,True,4.065974021377042,1.1043624877929688,1.0,True,0.0,1.0,0.5868648299947381,9.33940315246582,0.0,True,1.0,0.0,0.0
0.8,0.2533907389131358,41,100,12,4096,0.07806273992173374,1.3109893798828125,True,1.0658915185835212,1.3075790405273438,1.0,True,4.06235690577887,1.1043624877929688,1.0,True,0.0,1.0,0.5861799239646643,9.339471817016602,0.0,True,1.0,0.0,0.0
0.85,0.3033907389131357,41,100,12,4096,0.07582149305380881,1.3109893798828125,True,1.0722346872091293,1.3075790405273438,1.0,True,4.345122391264885,1.1097164154052734,1.0,True,0.0,1.0,0.5989633188582957,9.33940315246582,0.0,True,1.0,0.0,0.0
0.9,0.35339073891313577,41,100,12,4096,0.08473031595349312,1.3109893798828125,True,1.0665750893764199,1.307586669921875,1.0,True,4.074321339977905,1.1043548583984375,1.0,True,0.0,1.0,0.6231582439504564,9.33940315246582,0.0,True,1.0,0.0,0.0
0.95,0.4033907389131357,41,100,12,4096,0.10177853307686746,1.3109893798828125,True,1.0643757665995508,1.3075790405273438,1.0,True,4.069427967770025,1.1043624877929688,1.0,True,0.0,1.0,0.587832008022815,9.339471817016602,0.0,True,1.0,0.0,0.0
